gene_symbol,n_isoforms,entrez_id
0610009E02Rik,2,100125929
0610009L18Rik,4,66838
0610025J13Rik,4,78687
0610038B21Rik,2,70345
0610040B10Rik,5,67672
1110002L01Rik,6,100043040
1110004F10Rik,3,56372
1110015O18Rik,4,100503859
1110019D14Rik,4,76311
1110020A21Rik,2,68531
1110038B12Rik,10,68763
1110038F14Rik,4,117171
1110046J04Rik,3,68808
1110059G10Rik,2,66202
1110065P20Rik,5,68920
1300002E11Rik,7,100043489
1500002C15Rik,2,102636313
1500002F19Rik,2,76683
1500004A13Rik,6,319830
1600010M07Rik,2,69781
1600012H06Rik,3,67912
1600014C10Rik,3,72244
1600020E01Rik,6,72012
1700001G11Rik,3,69303
1700003F12Rik,2,75480
1700003M07Rik,2,72225
1700006J14Rik,2,321010
1700007L15Rik,3,100502742
1700008J07Rik,2,629159
1700010I14Rik,2,66931
1700016J18Rik,2,75561
1700020L13Rik,2,108167416
1700022N22Rik,2,69431
1700030C10Rik,2,69513
1700047M11Rik,4,67330
1700048O20Rik,3,69430
1700066J03Rik,2,67339
1700086O06Rik,6,73516
1700087I21Rik,5,118567337
1700088E04Rik,2,27660
1700102H20Rik,2,68230
1700110C19Rik,2,76634
1700112D23Rik,3,73611
1700113A16Rik,5,76642
1700120C14Rik,3,73600
1700123M08Rik,6,100503636
1700123O20Rik,2,58248
1810009A15Rik,3,66276
1810021B22Rik,3,69120
1810034E14Rik,3,66503
1810055G02Rik,3,72056
1810059H22Rik,2,69820
1810073O08Rik,1,72285
2010001A14Rik,6,76516
2010204K13Rik,6,68355
2010315B03Rik,2,630836
2200002D01Rik,2,72275
2210408F21Rik,18,73652
2210408I21Rik,3,72371
2300009A05Rik,2,69478
2310001H17Rik,6,76432
2310009B15Rik,2,69549
2310010J17Rik,7,78329
2310014F06Rik,5,69625
2310015A10Rik,7,69548
2310022A10Rik,3,66367
2310040G24Rik,4,381792
2310057M21Rik,2,68277
2310058D17Rik,2,75694
2310061I04Rik,4,69662
2310075K07Rik,2,100125933
2410002F23Rik,6,668661
2410004B18Rik,3,66421
2410006H16Rik,8,69221
2500004C02Rik,3,72326
2510002D24Rik,2,72307
2510009E07Rik,2,72190
2510046G10Rik,2,NA
2600006K01Rik,2,70319
2610005L07Rik,10,381598
2610016A17Rik,2,100503074
2610035D17Rik,8,72386
2610203C22Rik,2,72481
2610307P16Rik,7,72518
2610318N02Rik,2,70458
2610507I01Rik,4,72203
2700038G22Rik,3,67194
2700046A07Rik,2,78449
2700062C07Rik,2,68046
2700099C18Rik,6,77022
2810001A02Rik,5,72146
2810002D19Rik,4,66457
2810029C07Rik,2,100504687
2810030D12Rik,3,78335
2810403D21Rik,2,69964
2810408A11Rik,2,70419
2810408I11Rik,2,69941
2810414N06Rik,3,102640772
2810429I04Rik,5,76937
2810433D01Rik,3,77132
2810449D17Rik,2,102631731
2900041M22Rik,4,78403
2900052L18Rik,2,102640779
2900076A07Rik,8,100504421
2900089D17Rik,5,67277
3010001F23Rik,2,75693
3110009E18Rik,2,73103
3110040N11Rik,2,67290
3110045C21Rik,3,67303
3110053B16Rik,2,382686
3110056K07Rik,4,73204
3300002I08Rik,3,69277
4632427E13Rik,3,666737
4632428C04Rik,3,100043102
4732419C18Rik,3,100042484
4732440D04Rik,2,654788
4732471J01Rik,2,654804
4732491K20Rik,5,224523
4733401D01Rik,1,70847
4833411C07Rik,3,71624
4833412C05Rik,2,73904
4833418N02Rik,3,74597
4833419F23Rik,2,73915
4833420G17Rik,6,67392
4833438C02Rik,3,100503392
4833439L19Rik,5,97820
4921504A21Rik,5,70832
4921524J17Rik,2,66714
4921528I07Rik,2,77049
4921531C22Rik,2,66730
4930412C18Rik,4,320152
4930426I24Rik,3,100504512
4930455G09Rik,3,78917
4930469K13Rik,3,76874
4930480K23Rik,2,75016
4930481A15Rik,7,74931
4930503L19Rik,2,269033
4930506C21Rik,4,75060
4930511M06Rik,2,75084
4930520O04Rik,2,75116
4930522L14Rik,3,100041734
4930523C07Rik,4,67647
4930527F14Rik,3,67651
4930549G23Rik,3,75286
4930550C14Rik,2,75311
4930555A03Rik,2,100504653
4930556M19Rik,2,75259
4930558N01Rik,2,75840
4930570G19Rik,2,329782
4930581F22Rik,3,78934
4930594M22Rik,3,105245866
4930599N23Rik,2,75379
4931406C07Rik,2,70984
4931408D14Rik,2,77059
4933408N05Rik,3,71122
4933412E12Rik,4,71086
4933421O10Rik,3,100504166
4933424M12Rik,2,67548
4933427D14Rik,2,74477
4933431E20Rik,7,329735
4933434E20Rik,5,99650
4933439C10Rik,3,74476
5031425E22Rik,12,269630
5031425F14Rik,2,319684
5031434O11Rik,2,100039684
5031439G07Rik,2,223739
5033406O09Rik,4,77675
5033417F24Rik,2,75995
5330434G04Rik,2,100043213
5330438D12Rik,3,327824
5430402O13Rik,4,73183
5430405H02Rik,7,74487
5430416N02Rik,4,100503199
5430427G11Rik,1,71414
5530601H04Rik,12,71445
5730405O15Rik,2,70489
5730471H19Rik,6,NA
5730480H06Rik,2,70592
5830432E09Rik,2,67765
6030443J06Rik,4,320719
6030458C11Rik,3,77877
6030498E09Rik,1,77883
6230400D17Rik,2,76133
6330418K02Rik,4,69004
6720427I07Rik,1,118568094
6820431F20Rik,3,547150
8030453O22Rik,2,77209
8030456M14Rik,1,77492
8430426J06Rik,4,78102
8430429K09Rik,4,71523
9030407P20Rik,2,100504389
9130024F11Rik,1,329160
9130230N09Rik,3,100137727
9130410C08Rik,3,105244659
9230114K14Rik,3,414108
9230116N13Rik,3,320054
9330020H09Rik,2,100048895
9330104G04Rik,2,320950
9330133O14Rik,2,100689703
9330151L19Rik,2,414085
9330154J02Rik,2,442799
9330159F19Rik,2,212448
9330159M07Rik,4,319673
9330175E14Rik,3,320377
9330179D12Rik,2,77558
9330188P03Rik,5,380930
9430015G10Rik,3,230996
9430038I01Rik,3,77252
9430085M18Rik,2,77361
9530026P05Rik,6,330385
9530036O11Rik,2,654796
9530053H05Rik,5,78425
9530059O14Rik,2,319626
9530062K07Rik,3,78739
9530082P21Rik,2,638247
9630002D21Rik,3,319560
9630013D21Rik,4,319743
9630014M24Rik,4,381155
9930012K11Rik,2,268759
A030001D20Rik,2,100126243
A130010J15Rik,2,319266
A230001M10Rik,2,319951
A230045G11Rik,2,624086
A230056P14Rik,4,320845
A230072C01Rik,8,320742
A230107N01Rik,3,320919
A330009N23Rik,3,380977
A330015K06Rik,1,102637797
A330069E16Rik,2,606735
A330069K06Rik,2,213544
A330102I10Rik,4,77920
A430005L14Rik,2,97159
A430018G15Rik,2,115489452
A430035B10Rik,2,320312
A430046D13Rik,5,654440
A430105J06Rik,2,77189
A4galt,2,239559
A530016L24Rik,2,319942
A530072M11Rik,4,NA
A530076I17Rik,2,320367
A630001G21Rik,3,319997
A730017L22Rik,2,613258
A730020M07Rik,3,100503044
A730049H05Rik,3,74516
A730063M14Rik,2,100504703
A830008E24Rik,6,108167736
A830082K12Rik,9,320174
A930004D18Rik,2,77940
A930005H10Rik,4,68161
A930006K02Rik,5,100503120
A930007A09Rik,2,432999
A930007I19Rik,3,77779
A930015D03Rik,3,77810
A930024E05Rik,2,109202
AA387883,3,100043450
AA467197,2,NA
AA543186,2,100272219
AB010352,3,105246961
AB124611,3,382062
AI115009,2,99542
AI197445,6,105120
AI480526,6,100675
AI506816,2,433855
AI597479,2,98404
AI837181,2,107242
AI839979,8,100740
AI854703,2,243373
AI987944,3,233168
AU020206,3,108167440
AU022252,2,230696
AU022793,5,105976
AV039307,2,100502700
AV051173,3,100502959
AW011738,2,100382
AW112010,9,107350
AW146154,4,101835
AW209491,2,105351
AW495222,2,105364
AW551984,2,244810
AW554918,7,225289
Aamdc,8,66273
Aamp,2,227290
Aar2,2,68295
Aasdh,2,231326
Aasdhppt,3,67618
Abat,2,268860
Abca2,2,11305
Abca6,2,76184
Abcb1b,6,18669
Abcb8,2,74610
Abcb9,3,56325
Abcc10,2,224814
Abcc3,2,76408
Abcc5,5,27416
Abcc9,2,20928
Abce1,2,24015
Abcf1,2,224742
Abcg1,2,11307
Abcg2,2,26357
Abhd11,4,68758
Abhd12,2,76192
Abhd13,2,68904
Abhd14a,2,68644
Abhd14b,2,76491
Abhd16a,2,193742
Abhd17a,2,216169
Abhd17b,2,226016
Abhd18,2,269423
Abhd3,2,106861
Abhd5,4,67469
Abhd6,2,66082
Abi1,7,11308
Abi3,3,66610
Abitram,2,230234
Abl1,2,11350
Ablim1,2,226251
Abracl,2,73112
Abraxas1,2,70681
Abraxas2,2,109359
Abtb1,2,80283
Acaa1a,2,113868
Acad11,2,102632
Acad12,3,338350
Acad8,2,66948
Acadm,2,11364
Acads,2,11409
Acadvl,2,11370
Acap2,3,78618
Acat2,3,110460
Acbd4,2,67131
Acbd5,5,74159
Acbd6,3,72482
Accs,2,329470
Acd,3,497652
Acer3,3,66190
Acin1,4,56215
Acly,3,104112
Aco2,2,11429
Acot13,2,66834
Acot8,3,170789
Acot9,2,56360
Acox1,2,11430
Acox3,3,80911
Acp1,2,11431
Acp3,2,56318
Acp5,5,11433
Acrbp,2,54137
Acsl1,2,14081
Acsl3,2,74205
Acsl4,2,50790
Acsl6,2,216739
Acsm3,2,20216
Acsm5,2,272428
Acss2,2,60525
Acss3,2,380660
Actb,2,11461
Actg1,2,11465
Actn4,2,60595
Actr1a,2,54130
Actr3,2,74117
Actr3b,2,242894
Actr5,2,109275
Actr6,2,67019
Acvr1,2,11477
Acvrl1,2,11482
Acy1,2,109652
Acy3,2,71670
Acyp1,2,66204
Adal,3,75894
Adam15,5,11490
Adam33,2,110751
Adam5,2,11499
Adam8,2,11501
Adamts10,5,224697
Adamts2,2,216725
Adamts9,2,101401
Adamtsl4,2,229595
Adamtsl5,3,66548
Adar,2,56417
Adarb1,3,110532
Adat1,2,30947
Adck1,3,72113
Adck5,3,268822
Adcy3,2,104111
Adcy4,2,104110
Adcy8,2,11514
Adcyap1r1,2,11517
Add1,5,11518
Add3,4,27360
Adgre1,2,13733
Adgre5,3,26364
Adhfe1,2,76187
Adi1,2,104923
Adig,3,246747
Adipor1,2,72674
Adipor2,2,68465
Adissp,2,67326
Adk,3,11534
Adnp,2,11538
Adpgk,4,72141
Adprm,4,66358
Adprs,2,100206
Adrm1,3,56436
Adsl,2,11564
Adss1,2,11565
Aebp1,2,11568
Aebp2,2,11569
Aen,4,68048
Afap1l2,2,226250
Afg2a,3,57815
Afg3l1,2,114896
Afmid,3,71562
Agap3,2,213990
Agbl3,3,76223
Ager,2,11596
Agfg1,3,15463
Agfg2,2,231801
Ago3,2,214150
Agpat2,3,67512
Agpat3,2,28169
Agpat5,2,52123
Agps,2,228061
Agtpbp1,6,67269
Ahcyl2,2,74340
Ahi1,2,52906
Ahnak,5,66395
Ahsg,2,11625
Aifm1,2,26926
Aifm2,3,71361
Aig1,2,66253
Aim2,1,383619
Aimp1,2,13722
Aimp2,2,231872
Aip,2,11632
Airim,3,194268
Airn,5,104103
Ak1,3,11636
Ak2,2,11637
Ak6,3,102216272
Akap8,6,56399
Akap8l,4,54194
Akr1a1,2,58810
Akr1b10,3,67861
Akt1s1,5,67605
Akt2,2,11652
Aktip,3,14339
Alad,3,17025
Alas1,3,11655
Alas2,2,11656
Aldh18a1,2,56454
Aldh1a1,5,11668
Aldh1l1,2,107747
Aldh2,2,11669
Aldh3a1,2,11670
Aldh3a2,2,11671
Aldh7a1,2,110695
Aldoa,3,11674
Alg11,2,207958
Alg12,2,223774
Alg13,3,67574
Alg3,4,208624
Alg5,2,66248
Alg9,2,102580
Alkbh1,6,211064
Alkbh2,2,231642
Alkbh3,3,69113
Alkbh6,3,233065
Alkbh7,3,66400
Alkbh8,2,67667
Alox12,2,11684
Alpk1,3,71481
Als2,2,74018
Alyref,2,21681
Ambra1,2,228361
Amdhd2,4,245847
Amigo1,2,229715
Amigo2,2,105827
Amn1,4,232566
Ampd2,3,109674
Amph,2,218038
Amz2,3,13929
Anapc10,2,68999
Anapc11,2,66156
Anapc13,4,69010
Anapc15,5,75430
Anapc16,5,52717
Anapc4,3,52206
Anapc5,6,59008
Ang,2,11727
Angel2,3,52477
Angptl1,2,72713
Angptl2,2,26360
Angptl4,2,57875
Ank2,2,109676
Ank3,2,11735
Ankfy1,2,11736
Ankib1,2,70797
Ankle2,2,71782
Ankra2,5,68558
Ankrd10,6,102334
Ankrd11,2,77087
Ankrd12,3,106585
Ankrd16,4,320816
Ankrd27,2,245886
Ankrd33b,4,67434
Ankrd35,2,213121
Ankrd37,3,654824
Ankrd39,3,109346
Ankrd40,3,71452
Ankrd44,2,329154
Ankrd46,2,68839
Ankrd49,2,56503
Ankrd50,2,99696
Ankrd54,2,223690
Ankrd9,3,74251
Anks1,2,224650
Ankzf1,4,52231
Ano10,2,102566
Ano6,2,105722
Anp32a,3,11737
Anp32e,2,66471
Antkmt,6,214917
Anxa1,2,16952
Anxa11,2,11744
Anxa2r1,3,100861753
Anxa3,2,11745
Anxa6,2,11749
Anxa7,3,11750
Aoah,3,27052
Aopep,6,72061
Ap1ar,3,211556
Ap1g1,3,11765
Ap1s2,3,108012
Ap2a1,2,11771
Ap2b1,2,71770
Ap2m1,2,11773
Ap3m2,3,64933
Ap4b1,2,67489
Ap5b1,2,381201
Ap5m1,4,74385
Ap5s1,3,69596
Apba3,3,57267
Apbb1,2,11785
Apbb2,5,11787
Apbb3,2,225372
Apeh,2,235606
Apex2,5,77622
Aph1a,2,226548
Apip,2,56369
Aplf,2,72103
Aplp2,5,11804
Apobec1,3,11810
Apobec3,3,80287
Apoc1,2,11812
Apoc2l,2,105886299
Apod,5,11815
Apoe,6,11816
Apol9a,2,223672
Apol9b,2,71898
Apoo,2,68316
Apool,2,68117
App,5,11820
Appbp2os,2,654810
Aprt,3,11821
Aptx,2,66408
Aqp5,2,11830
Aqr,3,11834
Araf,5,11836
Arap1,2,69710
Arb2a,4,68675
Arf1,2,11840
Arf2,2,11841
Arf4,2,11843
Arfgap1,7,228998
Arfgap2,2,77038
Arfgap3,3,66251
Arfip1,2,99889
Arfip2,4,76932
Arfrp1,2,76688
Arglu1,2,234023
Arhgap1,3,228359
Arhgap12,2,75415
Arhgap15,3,76117
Arhgap17,3,70497
Arhgap19,3,71085
Arhgap22,2,239027
Arhgap24,4,231532
Arhgap25,3,232201
Arhgap28,2,268970
Arhgap29,2,214137
Arhgap31,2,12549
Arhgap39,3,223666
Arhgap4,4,171207
Arhgap42,2,71544
Arhgap45,4,70719
Arhgap9,3,216445
Arhgdia,2,192662
Arhgdib,3,11857
Arhgef1,3,16801
Arhgef10,2,234094
Arhgef2,3,16800
Arhgef25,4,52666
Arhgef26,2,622434
Arhgef28,2,110596
Arhgef3,2,71704
Arhgef39,2,230098
Arhgef40,3,268739
Arhgef5,2,54324
Arid3a,2,13496
Arid5a,3,214855
Arih2,2,23807
Ark2n,2,212163
Arl11,2,219144
Arl16,4,70317
Arl2,2,56327
Arl2bp,2,107566
Arl3,3,56350
Arl4a,2,11861
Arl5a,2,75423
Arl5b,3,75869
Arl6,2,56297
Arl8a,2,68724
Armc10,2,67211
Armc6,2,76813
Armc7,3,276905
Armc8,3,74125
Armc9,4,78795
Armcx1,6,78248
Armcx2,4,67416
Armcx3,3,71703
Armcx5,2,494468
Armh4,2,67419
Armt1,3,73419
Arnt,3,11863
Arpc1a,2,56443
Arpc1b,3,11867
Arpc2,2,76709
Arpc3,3,56378
Arpc4,3,68089
Arpc5,2,67771
Arpc5l,2,74192
Arpp19,3,59046
Arrb1,2,109689
Arrb2,4,216869
Arrdc1,3,215705
Arrdc2,3,70807
Arrdc3,2,105171
Arsg,2,74008
Art3,3,109979
Arvcf,2,11877
As3mt,3,57344
Asap1,3,13196
Asb1,2,65247
Asb13,2,142688
Asb2,2,65256
Asb3,2,65257
Asb6,2,72323
Ascc1,3,69090
Ascc2,2,75452
Asgr1,1,11889
Ash2l,2,23808
Asnsd1,2,70396
Aspa,2,11484
Asph,4,65973
Aspm,2,12316
Aspn,2,66695
Aspscr1,3,68938
Asrgl1,2,66514
Aste1,2,66595
Atad1,2,67979
Atad3aos,3,70448
Atat1,7,73242
Ate1,2,11907
Atf1,2,11908
Atf2,4,11909
Atf3,2,11910
Atf4,2,11911
Atf5,2,107503
Atf7,3,223922
Atg10,2,66795
Atg13,2,51897
Atg16l1,2,77040
Atg16l2,3,73683
Atg4c,3,242557
Atg7,3,74244
Atl2,2,56298
Atl3,2,109168
Atm,2,11920
Atosa,4,235493
Atosb,3,230088
Atox1,2,11927
Atp11b,2,76295
Atp13a2,2,74772
Atp1a2,2,98660
Atp1a3,2,232975
Atp23,2,68876
Atp2a3,2,53313
Atp2b1,2,67972
Atp2c1,3,235574
Atp5f1b,2,11947
Atp5f1c,3,11949
Atp5f1d,3,66043
Atp5f1e,2,67126
Atp5if1,3,11983
Atp5mc1,3,11951
Atp5mc3,2,228033
Atp5me,2,11958
Atp5mf,4,57423
Atp5mg,2,27425
Atp5mj,3,70257
Atp5mk,3,66477
Atp5pb,4,11950
Atp5pd,5,71679
Atp5pf,4,11957
Atp5po,2,28080
Atp6ap1,2,54411
Atp6v0a1,4,11975
Atp6v0b,3,114143
Atp6v0c,2,11984
Atp6v0e,3,11974
Atp6v0e2,2,76252
Atp6v1d,2,73834
Atp6v1f,3,66144
Atp6v1h,3,108664
Atp8a1,2,11980
Atp9a,3,11981
Atp9b,2,50771
Atpsckmt,3,68073
Atraid,4,381629
Atrip,2,235610
Atrx,2,22589
Atxn2l,2,233871
Atxn3,2,110616
Atxn7l1,2,380753
Atxn7l2,3,72522
Auh,5,11992
Aup1,6,11993
Aurkaip1,3,66077
Aurkb,2,20877
Avl9,2,78937
Axl,2,26362
Azi2,5,27215
Azin1,2,54375
Azin2,5,242669
B130024G19Rik,5,434198
B130055M24Rik,2,654803
B230206H07Rik,4,320871
B230206L02Rik,3,100039440
B230208H11Rik,2,320273
B230217C12Rik,2,68127
B230217O12Rik,2,320879
B230307C23Rik,4,245305
B230311B06Rik,5,381914
B230319C09Rik,2,320775
B230377A18Rik,2,NA
B230398E01Rik,2,109334
B3galnt2,2,97884
B3gat3,2,72727
B3gnt2,2,53625
B3gnt5,3,108105
B3gnt8,4,232984
B3gnt9,2,97440
B4galnt1,3,14421
B4galt3,4,57370
B4galt4,3,56375
B4galt7,2,218271
B4gat1,2,108902
B930059L03Rik,1,319786
B9d1,4,27078
B9d2,2,232987
BC002059,4,213811
BC004004,8,80748
BC005624,2,227707
BC028528,3,229600
BC031181,3,407819
BC034090,3,207792
BC051226,3,407803
BC051408,3,408061
BC065397,2,436230
BC106179,2,320099
Babam2,3,107976
Bacc1,5,104457
Bad,3,12015
Bag5,2,70369
Bag6,2,224727
Baiap2,5,108100
Bambi-ps1,2,81913
Banf1,3,23825
Banp,3,53325
Batf3,2,381319
Bax,2,12028
Baz2b,4,407823
Bbip1,5,100503572
Bbln,2,73737
Bbs1,2,52028
Bbs10,2,71769
Bbs12,2,241950
Bbs9,3,319845
Bcam,2,57278
Bcap29,2,12033
Bcar1,2,12927
Bcas1,1,76960
Bcas2,3,68183
Bcat1,2,12035
Bcdin3d,2,75284
Bckdhb,4,12040
Bcl2l1,4,12048
Bcl2l11,4,12125
Bcl2l12,3,75736
Bcl2l13,2,94044
Bcl2l2,2,12050
Bcl7b,2,12054
Bcl7c,2,12055
Bcl9,2,77578
Bclaf1,2,72567
Bcor,2,71458
Bcr,2,110279
Bcs1l,2,66821
Bdh2,2,69772
Becn1,4,56208
Bet1,2,12068
Bet1l,4,54399
Bex3,3,12070
Bgn,2,12111
Bicc1,2,83675
Bicd1,2,12121
Bicd2,3,76895
Bicdl1,3,75665
Bid,2,12122
Bin1,3,30948
Bin2,2,668218
Bin3,2,57784
Birc5,3,11799
Bivm,2,246229
Blcap,2,53619
Bloc1s1,2,14533
Bloc1s2,3,73689
Bloc1s5,2,17828
Bloc1s6,2,18457
Blvrb,3,233016
Blzf1,2,66352
Bmp1,3,12153
Bmp2k,2,140780
Bmp3,2,110075
Bnc2,2,242509
Bnip1,2,224630
Bnip2,3,12175
Bnip3l,2,12177
Bola1,2,69168
Bola2,4,66162
Bola3,3,78653
Bora,2,77744
Borcs8,4,72368
Bpnt1,3,23827
Brap,3,72399
Brat1,2,231841
Brca1,2,12189
Brcc3,2,210766
Brd2,2,14312
Brd3,3,67382
Brd4,3,57261
Brd8,5,78656
Brd9,2,105246
Brdt,2,114642
Brox,2,71678
Brpf1,3,78783
Brwd1,2,93871
Bscl2,3,14705
Bsg,4,12215
Btbd10,4,68815
Btbd3,2,228662
Btbd6,2,399566
Btf3,3,218490
Btf3-ps1,1,100041823
Btf3l4,2,70533
Btnl2,1,547431
Btrc,2,12234
Bub1,2,12235
Bub3,2,12237
Bud23,2,66138
Bud31,4,231889
Bvht,7,545261
Bzw2,2,66912
C030006K11Rik,4,223665
C030014I23Rik,2,77381
C030034I22Rik,2,77533
C030037D09Rik,4,193280
C130046K22Rik,2,399609
C130050O18Rik,2,319772
C130060C02Rik,2,100502653
C1qtnf1,2,56745
C1qtnf3,2,81799
C1qtnf5,4,235312
C1qtnf6,3,72709
C1qtnf7,2,109323
C1s1,2,50908
C2,2,12263
C230037L18Rik,2,100532730
C230062I16Rik,5,625421
C230096K16Rik,1,414098
C2cd2l,3,71764
C2cd3,2,277939
C330013E15Rik,3,78445
C330020E22Rik,6,320896
C430014B12Rik,2,105243964
C4b,2,12268
C530005A16Rik,2,654318
C7,1,109828
C87436,4,232196
C920006O11Rik,6,320295
C920021L13Rik,3,100042889
Caap1,2,67770
Cab39l,3,69008
Cabyr,2,71132
Cacfd1,4,381356
Cacna1h,2,58226
Cadm1,3,54725
Cadm3,2,94332
Calcb,1,116903
Calcoco1,2,67488
Cald1,5,109624
Calm2,2,12314
Calml4,2,75600
Camk1,2,52163
Camk2d,3,108058
Camk2g,2,12325
Camkk1,2,55984
Camkk2,2,207565
Caml,2,12328
Camta1,2,100072
Camta2,2,216874
Cant1,5,76025
Cap1,2,12331
Capg,3,12332
Capn1,2,12333
Capn10,2,23830
Capn7,2,12339
Capns1,4,12336
Caprin1,3,53872
Caprin2,3,232560
Capza2,2,12343
Capzb,4,12345
Car7,3,12354
Card19,3,68480
Card9,2,332579
Carm1,2,59035
Carmn,2,328968
Carnmt1,2,67383
Cars1,3,27267
Cars2,5,71941
Casc3,2,192160
Casp12,3,12364
Casp3,2,12367
Casp7,2,12369
Casp8,2,12370
Casq1,2,12372
Cast,3,12380
Catsperz,2,67077
Cav1,2,12389
Cav2,2,12390
Cbfb,2,12400
Cblb,3,208650
Cbll1,2,104836
Cbr2,2,12409
Cbr4,2,234309
Cbs,2,12411
Cbx1,6,12412
Cbx3,3,12417
Cbx5,3,12419
Ccar1,3,67500
Ccdc103,2,73293
Ccdc107,3,622404
Ccdc113,2,244608
Ccdc12,4,72654
Ccdc122,2,108811
Ccdc127,3,67433
Ccdc134,3,76457
Ccdc136,2,232664
Ccdc138,2,76138
Ccdc142os,5,102635447
Ccdc157,1,216516
Ccdc159,2,67119
Ccdc163,2,68394
Ccdc167,2,68597
Ccdc174,3,232236
Ccdc18,1,73254
Ccdc191,3,212153
Ccdc28a,2,215814
Ccdc28b,6,66264
Ccdc30,5,73332
Ccdc32,2,269336
Ccdc39,2,51938
Ccdc42,2,276920
Ccdc43,2,52715
Ccdc50,2,67501
Ccdc59,2,52713
Ccdc61,2,232933
Ccdc66,2,320234
Ccdc74a,5,72315
Ccdc77,2,67200
Ccdc80,2,67896
Ccdc82,4,66396
Ccdc85b,1,240514
Ccdc88c,2,68339
Ccdc9,2,243846
Ccdc90b,2,66365
Ccdc93,5,70829
Ccdc97,2,52132
Ccl12,2,20293
Ccl2,2,20296
Ccl24,2,56221
Ccl25,3,20300
Ccl27a,8,20301
Ccl6,2,20305
Ccl9,2,20308
Ccm2,2,216527
Ccn4,2,22402
Ccnb1,2,268697
Ccnc,4,51813
Ccnd1,2,12443
Ccnd2,3,12444
Ccnd3,7,12445
Ccndbp1,3,17151
Ccne2,3,12448
Ccng1,2,12450
Ccng2,3,12452
Ccnh,3,66671
Ccnl1,4,56706
Ccnl2,2,56036
Ccnt1,2,12455
Ccnt2,4,72949
Ccny,2,67974
Ccpg1,6,72278
Ccr2,3,12772
Ccrl2,2,54199
Ccs,4,12460
Ccsap,2,73420
Ccser2,2,72972
Cct2,2,12461
Cct3,3,12462
Cd151,3,12476
Cd163,3,93671
Cd180,2,17079
Cd1d1,2,12479
Cd200,2,17470
Cd200r4,2,239849
Cd209f,5,69142
Cd244a,2,18106
Cd2bp2,3,70233
Cd300a,2,217303
Cd300c2,3,140497
Cd300lf,3,246746
Cd300lg,3,52685
Cd302,2,66205
Cd320,3,54219
Cd34,2,12490
Cd36,4,12491
Cd37,5,12493
Cd40,2,21939
Cd47,6,16423
Cd48,2,12506
Cd55,6,13136
Cd59a,3,12509
Cd59b,3,333883
Cd72,4,12517
Cd74,2,16149
Cd82,3,12521
Cd83,2,12522
Cd84,2,12523
Cd86,2,12524
Cd99l2,3,171486
Cdadc1,4,71891
Cdc123,2,98828
Cdc23,2,52563
Cdc25b,2,12531
Cdc26,3,66440
Cdc34,2,216150
Cdc37l1,3,67072
Cdc42,2,12540
Cdc42ep4,2,56699
Cdc45,2,12544
Cdc6,2,23834
Cdc7,3,12545
Cdc73,2,214498
Cdca4,2,71963
Cdca5,2,67849
Cdh19,2,227485
Cdip1,3,66626
Cdipt,2,52858
Cdiptos,2,381922
Cdk10,2,234854
Cdk11b,2,12537
Cdk16,2,18555
Cdk2,5,12566
Cdk2ap2,3,52004
Cdk4,3,12567
Cdk5rap1,2,66971
Cdk5rap3,2,80280
Cdk7,2,12572
Cdk9,2,107951
Cdkal1,2,68916
Cdkl2,4,53886
Cdkl3,6,213084
Cdkn1b,2,12576
Cdkn1c,3,12577
Cdkn2a,2,12578
Cdkn2c,2,12580
Cdkn2d,2,12581
Cdkn3,3,72391
Cds2,3,110911
Cdt1,2,67177
Cdv3,4,321022
Cdyl,2,12593
Ceacam1,2,26365
Cebpb,2,12608
Cebpz,2,12607
Cebpzos,4,68554
Cela1,2,109901
Celf1,2,13046
Cenatac,4,382073
Cend1,3,57754
Cenpa,5,12615
Cenpi,2,102920
Cenpk,2,60411
Cenpl,5,70454
Cenpm,2,66570
Cenpo,3,52504
Cenpu,3,71876
Cenpx,3,20892
Cep112,3,76380
Cep131,2,12009
Cep135,2,381644
Cep15,10,218734
Cep192,2,70799
Cep20,4,66086
Cep41,2,83922
Cep43,2,75296
Cep55,4,74107
Cep57,4,74360
Cep57l1,3,103268
Cep68,3,216543
Cep70,4,68121
Cep72,2,74470
Cep83,2,77048
Cep83os,3,67723
Cep85,2,70012
Cep89,2,72140
Cep95,2,320162
Cep97,2,74201
Cept1,3,99712
Cerox1,5,72834
Cers4,2,67260
Cers5,2,71949
Cert1,2,68018
Cetn2,2,26370
Cetn4,3,207175
Cfap100,5,243538
Cfap119,2,233899
Cfap20,3,14894
Cfap36,2,216618
Cfap410,2,67884
Cfap45,3,71870
Cfap57,1,68625
Cfap68,3,68721
Cfap96,2,69479
Cfap97,2,66756
Cfd,2,11537
Cfl1,2,12631
Cfl2,3,12632
Cflar,5,12633
Cgrrf1,3,68755
Chac2,2,68044
Chadl,3,214685
Chaf1b,2,110749
Champ1,2,101994
Chaserr,13,69170
Chchd1,3,66121
Chchd10,2,103172
Chchd3,2,66075
Chchd4,2,72170
Chchd5,2,66170
Chchd6,2,66098
Chchd7,8,66433
Chd2,2,244059
Chd3,2,216848
Chd4,2,107932
Chd7,2,320790
Chd9,3,109151
Chek1,2,12649
Cherp,2,27967
Chfr,3,231600
Chi3l1,2,12654
Chkb,3,12651
Chlsn,3,73212
Chmp1a,2,234852
Chmp2a,6,68953
Chmp2b,2,68942
Chmp3,2,66700
Chmp7,2,105513
Chn2,2,69993
Chordc1,2,66917
Chpf,3,74241
Chpf2,2,100910
Chpt1,5,212862
Chrac1,2,93696
Chrdl1,2,83453
Chrna1os,3,102633437
Chst14,2,72136
Chtf8,2,214987
Chtop,4,66511
Chuk,3,12675
Churc1,3,211151
Ciao2a,2,68250
Ciao2b,3,68523
Ciapin1,2,109006
Ciart,2,229599
Cib1,3,23991
Cibar1,4,68099
Cidec,2,14311
Cilk1,4,56542
Cinp,5,67236
Cirbp,2,12696
Cisd2,2,67006
Cisd3,3,217149
Cish,2,12700
Cited1,2,12705
Ciz1,3,68379
Ckap2,2,80986
Ckb,2,12709
Cklf,5,75458
Clasp2,2,76499
Clasrp,3,53609
Clcc1,4,229725
Clcf1,2,56708
Clcn2,2,12724
Clcn3,3,12725
Clcn4,4,12727
Clcn5,2,12728
Clcn6,2,26372
Clcn7,3,26373
Cldn1,2,12737
Cldn12,2,64945
Cldn19,2,242653
Cldn34c1,4,73061
Clec10a,2,17312
Clec12a,5,232413
Clec16a,1,74374
Clec1a,2,243653
Clec3b,2,21922
Clec4a2,3,26888
Clec4a3,2,73149
Clec4b1,2,69810
Clec4d,2,17474
Clec4e,2,56619
Clec4n,3,56620
Clec5a,3,23845
Clint1,2,216705
Clip1,2,56430
Clk1,5,12747
Clk2,4,12748
Clk3,4,102414
Clk4,6,12750
Cln3,2,12752
Clock,2,12753
Clpb,3,20480
Clptm1,2,56457
Clpx,2,270166
Clspn,2,269582
Clta,5,12757
Cltb,2,74325
Cltc,2,67300
Cluap1,2,76779
Clvs1,1,74438
Clybl,2,69634
Cmc1,2,67899
Cmc2,4,66531
Cmc4,2,105886298
Cmss1,3,66497
Cmtm3,3,68119
Cmtm5,2,67272
Cmtm7,3,102545
Cnbd2,3,70873
Cnbp,4,12785
Cndp1,1,338403
Cndp2,3,66054
Cnep1r1,3,382030
Cnih4,2,98417
Cnmd,2,16840
Cnn1,2,12797
Cnn3,2,71994
Cnot10,3,78893
Cnot11,2,52846
Cnot2,6,72068
Cnot3,3,232791
Cnot4,3,53621
Cnot7,3,18983
Cnot8,2,69125
Cnp,3,12799
Cnppd1,3,69171
Cnpy2,2,56530
Cnpy3,3,72029
Cnrip1,2,380686
Cntrl,2,26920
Coa4,2,68185
Coa6,2,67892
Coa7,2,69893
Coa8,2,68020
Coasy,3,71743
Cog1,4,16834
Cog5,2,238123
Cog6,2,67542
Cog8,2,97484
Col12a1,2,12816
Col14a1,2,12818
Col18a1,2,12822
Col26a1,2,140709
Col28a1,1,213945
Col2a1,2,12824
Col3a1,3,12825
Col5a2,2,12832
Col6a2,2,12834
Colec12,2,140792
Colgalt1,2,234407
Commd1,3,17846
Commd10,3,69456
Commd2,2,52245
Commd3,2,12238
Commd4,4,66199
Commd5,2,66398
Commd6,3,66200
Commd7,3,99311
Commd8,4,27784
Comp,2,12845
Comt,2,12846
Comtd1,2,69156
Copa,3,12847
Cope,3,59042
Copg1,2,54161
Copg2,4,54160
Cops2,2,12848
Cops3,3,26572
Cops6,2,26893
Cops7a,4,26894
Cops7b,2,26895
Cops8,2,108679
Cops9,3,66915
Copz1,3,56447
Copz2,3,56358
Coq10a,2,210582
Coq4,2,227683
Coq6,3,217707
Coq8b,2,76889
Coro1a,2,12721
Coro1b,3,23789
Coro7,2,78885
Cox16,6,66272
Cox17,3,12856
Cox18,3,231430
Cox19,3,68033
Cox4i1,3,12857
Cox5a,2,12858
Cox5b,3,12859
Cox6a1,2,12861
Cox6b1,3,110323
Cox6b2,5,333182
Cox6c,4,12864
Cox7a2l,2,20463
Cox7b,2,66142
Cox7c,4,12867
Cox8a,2,12868
Cp,6,12870
Cped1,2,214642
Cplane2,1,76166
Cpne1,2,266692
Cpne2,2,234577
Cpne8,4,66871
Cpped1,2,223978
Cpq,3,54381
Cpsf4,3,54188
Cpsf6,4,432508
Cpt1c,2,78070
Cpt2,2,12896
Cpxm1,2,56264
Cr1l,5,12946
Cradd,3,12905
Crbn,2,58799
Crcp,3,12909
Creb1,2,12912
Creb3l4,2,78284
Creb5,2,231991
Crebrf,2,77128
Creg1,2,433375
Creld1,3,171508
Crem,9,12916
Crip1,5,12925
Cript,2,56724
Crispld1,2,83691
Crispld2,2,78892
Crk,3,12928
Crlf1,2,12931
Crlf2,2,57914
Crlf3,3,54394
Crls1,3,66586
Crppa,5,75847
Crtap,2,56693
Crtc2,2,74343
Cryab,5,12955
Cryl1,2,68631
Cryzl1,5,66609
Csde1,3,229663
Csf1,3,12977
Csf1r,2,12978
Csf2ra,2,12982
Csf3r,2,12986
Csmd1,2,94109
Csnk1a1,5,93687
Csnk1d,2,104318
Csnk1e,2,27373
Csnk2a1,3,12995
Csnk2b,2,13001
Cspg5,3,29873
Cspp1,2,211660
Csrnp1,1,215418
Csrp1,3,13007
Cstf2,3,108062
Cstf3,3,228410
Cstpp1,3,228356
Ctbp1,3,13016
Ctbp2,2,13017
Ctc1,3,68964
Ctcflos,2,74161
Ctdsp1,3,227292
Ctdspl2,3,329506
Cthrc1,2,68588
Ctla2a,5,13024
Ctla2b,4,13025
Ctnna1,2,12385
Ctnna2,2,12386
Ctnnal1,3,54366
Ctnnb1,2,12387
Ctnnd1,3,12388
Ctns,2,83429
Ctps2,3,55936
Ctsa,2,19025
Ctsb,2,13030
Ctsc,2,13032
Ctsd,2,13033
Ctse,2,13034
Ctsf,2,56464
Ctsh,4,13036
Ctsl,2,13039
Ctss,2,13040
Cttn,2,13043
Cttnbp2nl,3,80281
Ctu2,2,66965
Ctxn3,3,629147
Cuedc2,5,67116
Cul1,2,26965
Cul2,2,71745
Cul4a,2,99375
Cuta,9,67675
Cutc,2,66388
Cux1,3,13047
Cwc15,2,66070
Cwc22,4,80744
Cwf19l1,3,72502
Cwf19l2,2,244672
Cxadr,3,13052
Cxcl1,2,14825
Cxcl12,3,20315
Cxcl14,2,57266
Cxcl16,2,66102
Cxcl2,2,20310
Cxcl5,2,20311
Cxxc1,2,74322
Cxxc5,2,67393
Cyb561a3,4,225912
Cyb561d1,4,72023
Cyb561d2,2,56368
Cyb5a,5,109672
Cyb5d2,2,192986
Cyb5r1,2,72017
Cyb5r2,2,320635
Cyb5r3,2,109754
Cyb5r4,2,266690
Cyba,2,13057
Cybc1,2,217370
Cyc1,2,66445
Cyfip1,2,20430
Cyld,4,74256
Cyp1b1,3,13078
Cyp20a1,2,77951
Cyp2d22,2,56448
Cyp2e1,2,13106
Cyp2j13,2,230459
Cyp2j9,2,74519
Cyp2r1,2,244209
Cyp2u1,2,71519
Cyp39a1,2,56050
Cyp4f13,5,170716
Cyp4f16,3,70101
Cyp4f41-ps,2,77875
Cyren,3,78412
Cyria,2,76820
Cyrib,3,223601
Cys1,3,12879
Cystm1,2,66060
Cyth1,3,19157
Cyth2,2,19158
Cyth4,2,72318
Cytip,2,227929
Czib,8,74098
D030028A08Rik,3,319371
D030045P18Rik,2,320363
D130020L05Rik,4,319760
D16Ertd472e,4,67102
D17H6S56E-5,6,110956
D2hgdh,3,98314
D330023K18Rik,6,320973
D330041H03Rik,2,654822
D330050G23Rik,6,320975
D3Ertd751e,3,73852
D430020J02Rik,2,319545
D430036J16Rik,3,319405
D530017H19Rik,2,78713
D5Ertd579e,3,320661
D5Ertd615e,2,52401
D630024D03Rik,3,414116
D630033O11Rik,4,235302
D730003I15Rik,5,100504360
D730005E14Rik,2,109361
D7Ertd128e,1,52222
D830026I12Rik,6,319682
D930048N14Rik,2,97775
Dab2,5,13132
Dag1,2,13138
Daglb,2,231871
Dancr,4,70036
Dap3,2,65111
Dapk3,2,13144
Dapp1,2,26377
Dars1,2,226414
Dars2,2,226539
Daxx,2,13163
Dazap1,3,70248
Dbi,4,13167
Dbn1,2,56320
Dbndd2,3,52840
Dbnl,2,13169
Dbp,3,13170
Dcaf10,2,242418
Dcaf11,5,28199
Dcaf12l1,2,245404
Dcaf15,2,212123
Dcaf17,2,75763
Dcaf4,2,73828
Dcaf8,3,98193
Dcbld1,2,66686
Dclk1,3,13175
Dclk3,2,245038
Dclre1b,2,140917
Dclre1c,4,227525
Dcn,3,13179
Dcp1a,2,75901
Dcp1b,5,319618
Dcp2,2,70640
Dctd,3,320685
Dctn4,3,67665
Dctn5,2,59288
Dctn6,2,22428
Dcun1d1,2,114893
Dcun1d2,5,102323
Dcun1d3,2,233805
Dcun1d4,2,100737
Dcun1d5,3,76863
Dcxr,4,67880
Dda1,4,66498
Ddah2,2,51793
Ddhd1,3,114874
Ddhd2,2,72108
Ddr1,2,12305
Ddt,2,13202
Ddx17,2,67040
Ddx19a,2,13680
Ddx23,2,74351
Ddx24,3,27225
Ddx27,2,228889
Ddx39a,4,68278
Ddx39b,3,53817
Ddx47,2,67755
Ddx5,2,13207
Ddx50,3,94213
Ddx6,2,13209
Deaf1,3,54006
Dedd,4,21945
Def8,5,23854
Degs1,2,13244
Degs2,2,70059
Dele1,2,66839
Dennd10,3,67894
Dennd11,2,243780
Dennd1c,2,70785
Dennd2b,3,76954
Dennd2d,2,72121
Dennd5a,2,19347
Dennd6a,2,211922
Depdc1a,2,76131
Dera,2,232449
Derl2,4,116891
Desi1,2,28075
Desi2,2,78825
Dffa,2,13347
Dgat1,2,13350
Dgcr2,2,13356
Dgcr6,4,13353
Dgcr8,2,94223
Dgkd,2,227333
Dgkz,3,104418
Dglucy,4,217830
Dguok,2,27369
Dhdds,4,67422
Dhh,2,13363
Dhps,3,330817
Dhrs1,2,52585
Dhrs3,3,20148
Dhrs4,4,28200
Dhrs7,2,66375
Dhrs7b,2,216820
Dhx30,7,72831
Dhx32,2,101437
Dhx34,3,71723
Dhx35,2,71715
Dhx57,2,106794
Diablo,4,66593
Diaph3,2,56419
Dido1,3,23856
Dimt1,2,66254
Dip2a,2,64451
Dis3,2,72662
Dis3l2,2,208718
Disp1,2,68897
Dkc1,2,245474
Dkk3,3,50781
Dlc1,2,50768
Dleu2,19,668253
Dlg3,2,53310
Dlgap4,2,228836
Dlgap5,2,218977
Dlk1,2,13386
Dmac2,2,66349
Dmac2l,4,68055
Dmap1,2,66233
Dmc1,2,13404
Dmd,3,13405
Dmpk,5,13400
Dmtf1,3,23857
Dmtn,3,13829
Dmwd,2,13401
Dmxl2,2,235380
Dnaaf3,2,436022
Dnaaf9,2,228602
Dnah2os,2,77723
Dnai2,3,432611
Dnaja1,2,15502
Dnaja3,2,83945
Dnajb1,2,81489
Dnajb11,2,67838
Dnajb12,4,56709
Dnajb2,3,56812
Dnajb4,2,67035
Dnajb5,2,56323
Dnajb6,3,23950
Dnajc1,2,13418
Dnajc14,2,74330
Dnajc15,2,66148
Dnajc18,2,76594
Dnajc19,5,67713
Dnajc2,4,22791
Dnajc24,2,99349
Dnajc25,2,72429
Dnajc28,2,246738
Dnajc5,3,13002
Dnajc7,4,56354
Dnajc8,2,68598
Dnal4,2,54152
Dnali1,2,75563
Dnase2a,4,13423
Dnlz,2,52838
Dnm1,2,13429
Dnm1l,4,74006
Dnm2,4,13430
Dnm3,2,103967
Dnm3os,1,474332
Dnmbp,2,71972
Dnmt3b,2,13436
Dnmt3l,1,54427
Dnpep,4,13437
Dnttip1,3,76233
Dock1,2,330662
Dock6,2,319899
Dock7,2,67299
Dock8,3,76088
Dohh,2,102115
Dok1,2,13448
Dok2,2,13449
Dok4,2,114255
Dolpp1,2,57170
Dop1b,2,70028
Dpagt1,2,13478
Dpep2,3,319446
Dpf2,3,19708
Dph2,2,67728
Dph3,6,105638
Dph5,3,69740
Dph6,3,66632
Dph7,2,67228
Dpm1,4,13480
Dpm2,2,13481
Dpm3,2,68563
Dpp7,2,83768
Dpy19l1,2,244745
Dpy30,3,66310
Dpysl3,2,22240
Dram1,2,71712
Dram2,3,67171
Drap1,6,66556
Dscc1,2,72107
Dsn1,2,66934
Dtd2,2,328092
Dtna,3,13527
Dtnb,3,13528
Dtnbp1,6,94245
Dtwd1,5,69185
Dtx2,2,74198
Dtx3l,2,209200
Dtymk,2,21915
Dubr,11,68190
Dus1l,3,68730
Dus2,2,66369
Dus3l,2,224907
Dus4l,2,71916
Dusp1,2,19252
Dusp12,3,80915
Dusp14,4,56405
Dusp15,3,252864
Dusp18,2,75219
Dusp19,3,68082
Dusp22,2,105352
Dusp26,2,66959
Dusp6,2,67603
Dut,2,110074
Dvl3,2,13544
Dxo,2,112403
Dym,2,69190
Dync1i2,2,13427
Dync2i1,2,217935
Dynll1,3,56455
Dynlt1a,2,100310872
Dynlt1f,2,100040531
Dynlt2a2,2,100041639
Dynlt2b,2,66061
E130102H24Rik,2,77866
E130307A14Rik,11,327744
E130308A19Rik,2,230259
E230001N04Rik,2,320187
E230013L22Rik,2,102132
E230016K23Rik,2,100504464
E230016M11Rik,4,320172
E230029C05Rik,3,319711
E2f1,2,13555
E2f3,3,13557
E2f4,2,104394
E2f6,3,50496
E2f7,2,52679
E2f8,2,108961
E330011O21Rik,6,100503619
E330013P04Rik,2,107376
E330020D12Rik,2,626058
E430024I08Rik,6,622175
E430024P14Rik,3,NA
E4f1,3,13560
ENSMUSG00000095041,2,NA
ENSMUSG00000121399,2,NA
ENSMUSG00000121444,2,NA
ENSMUSG00000122428,3,NA
ENSMUSG00000126186,5,NA
ENSMUSG00000127456,2,NA
ENSMUSG00000129746,3,NA
ENSMUSG00000130173,3,NA
ENSMUSG00000135461,2,NA
ENSMUSG00000135515,2,NA
ENSMUSG00000136369,3,NA
ENSMUSG00000137864,2,NA
ENSMUSG00000139399,2,NA
ENSMUSG00000139539,2,NA
ENSMUSG00000139990,3,NA
ENSMUSG00000140719,4,NA
ENSMUSG00000143548,2,NA
ENSMUSG00000144212,9,NA
ENSMUSG00000144291,2,NA
Eaf2,2,106389
Eapp,4,66266
Ears2,2,67417
Ebag9,3,55960
Ebna1bp2,2,69072
Ech1,2,51798
Echdc1,2,52665
Echdc2,2,52430
Eci1,2,13177
Eci2,4,23986
Ecm1,3,13601
Ecscr,3,68545
Ecsit,3,26940
Ect2,3,13605
Eda2r,2,245527
Edc3,3,353190
Edc4,2,234699
Edem1,2,192193
Edf1,2,59022
Ednrb,3,13618
Eef1akmt1,2,68043
Eef1akmt2,3,72096
Eef1b2,5,55949
Eef1d,8,66656
Eef1e1,3,66143
Eef2k,2,13631
Eef2kmt,2,70511
Eeig1,2,98952
Efcab11,2,78767
Efcab14,2,230648
Efcab2,2,68226
Efcab7,2,230500
Efemp1,2,216616
Efemp2,4,58859
Efhd1,2,98363
Efl1,4,101592
Efr3a,3,76740
Eftud2,2,20624
Egfl7,6,353156
Egfl8,3,81701
Egflam,2,268780
Egfr,2,13649
Egr2,2,13654
Egr3,2,13655
Ehbp1l1,3,114601
Ehmt1,2,77683
Ehmt2,3,110147
Eif1,2,20918
Eif1a,5,13664
Eif1ax,2,66235
Eif2a,2,229317
Eif2ak1,2,15467
Eif2b2,3,217715
Eif2b4,3,13667
Eif2d,2,16865
Eif2s2,2,67204
Eif2s3y,4,26908
Eif3i,2,54709
Eif3k,2,73830
Eif3m,2,98221
Eif4a-ps4,1,13674
Eif4a1,4,13681
Eif4a2,5,13682
Eif4e,2,13684
Eif4e2,6,26987
Eif4enif1,2,74203
Eif4g1,3,208643
Eif4g2,2,13690
Eif4h,2,22384
Eif5,3,217869
Eif5a,7,276770
Eif5b,2,226982
Eif6,2,16418
Eipr1,3,380752
Elac2,3,68626
Eldr,4,72735
Elf1,3,13709
Elf2,4,69257
Elk3,3,13713
Elmo2,2,140579
Elmo3,2,234683
Elmod3,4,232089
Elob,4,67673
Elobl,2,217066
Eloc,4,67923
Elovl1,3,54325
Elovl6,2,170439
Elovl7,2,74559
Elp1,2,230233
Elp3,2,74195
Elp5,3,54351
Elp6,2,72341
Emb,2,13723
Emc10,2,69683
Emc8,3,18117
Emc9,2,85308
Emcn,2,59308
Emd,2,13726
Eme2,3,193838
Emid1,2,140703
Emilin2,4,246707
Eml1,2,68519
Emp3,3,13732
Emsy,3,233545
Emx2os,2,329078
Endov,3,338371
Enkd1,2,102124
Eno1,2,13806
Eno1b,2,433182
Eno2,2,13807
Eno3,3,13808
Enoph1,2,67870
Enox2,3,209224
Enpp1,3,18605
Enpp2,3,18606
Enpp4,2,224794
Enpp5,3,83965
Ensa,2,56205
Entpd2,2,12496
Entpd4b,2,100862375
Entpd5,3,12499
Entpd6,2,12497
Entpd7,2,93685
Entr1,6,68112
Eny2,5,223527
Ep300,2,328572
Epb41,2,269587
Epb41l1,3,13821
Epb41l2,3,13822
Epb41l4aos,3,69749
Epb41l5,3,226352
Epc1,3,13831
Epha5,2,13839
Epha7,2,13841
Ephb4,2,13846
Ephx1,2,13849
Ephx2,2,13850
Ephx3,2,71932
Epm2aip1,2,77781
Epn1,2,13854
Epn2,2,13855
Eprs1,2,107508
Eps15l1,3,13859
Eps8,2,13860
Eps8l1,2,67425
Epsti1,2,108670
Eral1,2,57837
Erap1,2,80898
Ercc1,3,13870
Ercc5,2,22592
Ercc6l2,2,76251
Ercc8,3,71991
Erdr1y,2,NA
Ergic2,4,67456
Ergic3,2,66366
Eri2,3,71151
Erich1,2,234086
Erlin1,3,226144
Ermard,4,381062
Ermardl2,3,100041574
Ern1,2,78943
Ero1b,2,67475
Erp29,3,67397
Errfi1,2,74155
Esco1,5,77805
Esd,5,13885
Ess2,2,27886
Esyt2,2,52635
Etaa1os,3,102633673
Etfb,3,110826
Etfbkmt,4,320204
Etfdh,3,66841
Etfrf1,6,67636
Etohd2,2,13996
Etv1,3,14009
Etv3,2,27049
Etv6,2,14011
Eva1b,3,230752
Eva1c,4,70967
Evi2a,3,14017
Evl,4,14026
Ewsr1,4,14030
Exo5,2,73172
Exoc1,2,69940
Exoc2,3,66482
Exoc3l4,3,74190
Exoc4,2,20336
Exoc6,2,107371
Exoc7,3,53413
Exog,3,208194
Exosc1,3,66583
Exosc10,3,50912
Exosc3,2,66362
Exosc4,2,109075
Exosc5,2,27998
Exosc8,3,69639
Extl2,3,58193
Eya3,2,14050
Ezh1,3,14055
Ezh2,2,14056
F10,2,14058
F13a1,5,74145
F730311O21Rik,3,622304
F8a,1,14070
Fa2h,2,338521
Faap100,2,71885
Faap20,2,67513
Fabp4,2,11770
Fabp5,2,16592
Fads3,2,60527
Faf2,2,76577
Fahd2a,2,68126
Faim2,2,72393
Fam114a2,2,67726
Fam118a,2,73225
Fam118b,2,109229
Fam120aos,2,68128
Fam120b,2,67544
Fam133b,3,68152
Fam136a,2,66488
Fam13b,2,225358
Fam13c,3,71721
Fam149a,2,212326
Fam149b,4,105428
Fam151b,2,73942
Fam161a,3,73873
Fam161b,2,217705
Fam162a,2,70186
Fam168a,2,319604
Fam168b,2,214469
Fam171a1,2,269233
Fam178b,2,381337
Fam181b,2,58238
Fam186a,1,72277
Fam193b,2,212483
Fam204a,4,76539
Fam20a,2,208659
Fam20b,2,215015
Fam219b,2,78323
Fam221a,2,231946
Fam222b,3,216971
Fam228b,2,207921
Fam229b,2,66337
Fam234a,6,106581
Fam241a,2,70617
Fam241b,3,69894
Fam32a,2,67922
Fam3a,2,66294
Fam3c,3,27999
Fam53a,3,74504
Fam53b,2,77938
Fam53c,2,66306
Fam76b,2,72826
Fam78b,2,226610
Fam89b,2,17826
Fam98a,2,72722
Fam98c,5,73833
Fancc,2,14088
Fancd2,2,211651
Fance,5,72775
Fancl,2,67030
Far1,2,67420
Fars2,2,69955
Farsa,3,66590
Farsb,4,23874
Fas,3,14102
Fastk,2,66587
Fastkd2,2,75619
Fastkd3,3,69577
Fastkd5,5,380601
Fau,4,14109
Faxc,2,76132
Fblim1,3,74202
Fbln1,2,14114
Fbln2,3,14115
Fbln5,2,23876
Fbn1,2,14118
Fbxl12,4,30843
Fbxl12os,2,66662
Fbxl15,3,68431
Fbxl2,3,72179
Fbxl21,2,213311
Fbxl3,3,50789
Fbxl4,4,269514
Fbxl5,3,242960
Fbxl6,3,30840
Fbxl9,4,234684
Fbxo17,3,50760
Fbxo21,2,231670
Fbxo22,3,71999
Fbxo25,2,66822
Fbxo27,2,233040
Fbxo3,2,57443
Fbxo34,3,78938
Fbxo36,2,66153
Fbxo44,5,230903
Fbxo6,4,50762
Fbxo7,5,69754
Fbxo8,2,50753
Fbxo9,3,71538
Fbxw11,2,103583
Fbxw2,6,30050
Fbxw8,2,231672
Fbxw9,2,68628
Fcer1g,2,14127
Fcf1,2,73736
Fcgr2b,2,14130
Fcgr3,3,14131
Fcgrt,4,14132
Fcho2,2,218503
Fchsd2,2,207278
Fcrl1,2,229499
Fcrla,2,98752
Fdps,2,110196
Fdx1,2,14148
Fdx2,2,68165
Fdxacb1,2,382137
Fech,2,14151
Fen1,3,14156
Fermt3,2,108101
Fes,2,14159
Fetub,3,59083
Fez2,3,225020
Fgd2,2,26382
Fgd4,2,224014
Fgf1,2,14164
Fgf7,2,14178
Fgfr1,3,14182
Fgfr1op2,4,67529
Fgl1,2,234199
Fhip1b,2,74349
Fhl1,2,14199
Fibp,5,58249
Fignl1,3,60530
Fip1l1,3,66899
Fis1,2,66437
Fiz1,2,23877
Fkbp11,2,66120
Fkbp14,2,231997
Fkbp15,3,338355
Fkbp1a,3,14225
Fkbp2,2,14227
Fkbp3,5,30795
Fkbp4,2,14228
Fkbp5,2,14229
Fkbp8,3,14232
Fkbpl,2,56299
Fktn,2,246179
Flad1,2,319945
Flna,2,192176
Flot1,2,14251
Flot2,3,14252
Flrt2,2,399558
Flt1,2,14254
Flt3l,2,14256
Flywch1,2,224613
Fmc1,2,66117
Fmnl1,2,57778
Fmo1,2,14261
Fmo2,3,55990
Fmo5,3,14263
Fmr1,3,14265
Fn1,6,14268
Fnbp1,3,14269
Fndc4,2,64339
Folr1,2,14275
Foxd1,1,15229
Foxd2os,11,100040736
Foxj3,2,230700
Foxo3,2,56484
Foxp1,2,108655
Foxp2,2,114142
Foxp4,3,74123
Foxred1,3,235169
Fra10ac1,2,70567
Frey1,2,75641
Frmd4b,3,232288
Frs2,2,327826
Fsaf1,2,66523
Fst,2,14313
Fstl1,2,14314
Fstl3,2,83554
Fth1,7,14319
Ftl1,5,14325
Fto,2,26383
Ftsj1,3,54632
Fubp1,4,51886
Fubp3,3,320267
Fuca2,2,66848
Fundc1,2,72018
Fuom,4,69064
Furin,2,18550
Fus,5,233908
Fut10,4,NA
Fut8,4,53618
Fuz,4,70300
Fxr1,5,14359
Fxyd1,11,56188
Fxyd2,4,11936
Fxyd3,3,17178
Fxyd5,11,18301
Fxyd6,2,59095
Fxyd7,2,57780
Fyb1,2,23880
Fyco1,2,17281
Fyn,4,14360
Fyttd1,3,69823
Fzd3,2,14365
Fzd6,2,14368
G2e3,2,217558
G3bp2,5,23881
G430095P16Rik,2,619292
G6pc3,2,68401
G930009F23Rik,2,100038726
Gaa,2,14387
Gab1,2,14388
Gabarap,3,56486
Gabarapl1,2,57436
Gabpa,2,14390
Gabpb1,4,14391
Gak,2,231580
Gal3st1,2,53897
Gal3st4,2,330217
Galc,2,14420
Galk2,2,69976
Galns,2,50917
Galnt1,2,14423
Galnt10,2,171212
Galt,3,14430
Gamt,2,14431
Ganab,2,14376
Ganc,2,76051
Gapdh,4,14433
Gapt,2,238875
Gapvd1,2,66691
Gar1,2,68147
Garin5a,4,75538
Gart,3,14450
Gas2,2,14453
Gas2l1,3,78926
Gas2l3,2,237436
Gas5,58,14455
Gask1a,2,245050
Gask1b,2,68659
Gatad2a,3,234366
Gatd1,2,213350
Gba1,2,14466
Gbp3,4,55932
Gbp4,3,17472
Gbp7,2,229900
Gcdh,2,270076
Gcnt1,2,14537
Gcnt2,3,14538
Gcsam,2,14525
Gcsh,2,68133
Gdap1l1,2,228858
Gdap2,2,14547
Gdi1,3,14567
Gdi2,3,14569
Gdpd3,2,68616
Gemin4,2,276919
Gemin8,2,237221
Get1,3,71446
Get4,2,67604
Gfap,2,14580
Gfer,2,11692
Gfi1b,2,14582
Gfm2,3,320806
Gfpt1,3,14583
Gfra1,3,14585
Gfra4,2,14588
Gfus,5,22122
Gga2,2,74105
Ggact,2,223267
Ggct,2,110175
Ggnbp1,4,70772
Ggnbp2,4,217039
Ggps1,2,14593
Ggt5,2,23887
Ggt7,2,207182
Ggta1,4,14594
Ghitm,2,66092
Ghr,2,14600
Gid4,2,66771
Gigyf2,2,227331
Gimap1,3,16205
Gimap4,4,107526
Gimap5,2,317757
Gimap6,2,231931
Gimap9,2,317758
Gin1,3,252876
Ginm1,4,215751
Git2,3,26431
Gjb3,2,14620
Gjc1,3,14615
Gjc3,4,118446
Gk,2,14933
Gkap1,2,56278
Glce,2,93683
Gle1,3,74412
Glipr1,2,73690
Glipr2,2,384009
Glmn,2,170823
Glo1,4,109801
Glrx2,4,69367
Gls,2,14660
Glt8d1,4,76485
Glt8d2,2,74782
Glyr1,2,74022
Gm10033,4,378466
Gm10069,2,791299
Gm10076,4,100126819
Gm10369,2,100038504
Gm10419,5,100503802
Gm10516,2,100038712
Gm10561,4,628004
Gm10602,3,102639173
Gm10658,2,100038566
Gm10687,2,100038560
Gm10762,2,NA
Gm10863,9,100041655
Gm11110,4,100169874
Gm11175,1,100303737
Gm11423,4,100503272
Gm11613,2,108167924
Gm11627,2,100040792
Gm11681,4,100038732
Gm11716,3,102640379
Gm11767,3,102640451
Gm11816,4,102638175
Gm11827,2,100503518
Gm12059,2,100042875
Gm12092,2,102637613
Gm12216,5,NA
Gm12279,4,100503292
Gm12381,2,102636968
Gm12454,2,100503819
Gm12530,3,329851
Gm12602,2,102637941
Gm12655,2,115489886
Gm12688,7,102639232
Gm12708,2,105244624
Gm12743,2,115489936
Gm12796,2,115489887
Gm12840,1,NA
Gm12905,5,NA
Gm12927,3,102639193
Gm12963,5,102640839
Gm12999,2,NA
Gm13056,2,100503810
Gm13166,3,115489399
Gm13236,9,NA
Gm13261,4,102633824
Gm13270,2,105244084
Gm13307,2,102631509
Gm13330,2,NA
Gm13373,4,102632087
Gm13375,3,433408
Gm13391,2,102632465
Gm13403,3,100041931
Gm13421,4,105244102
Gm13431,3,100504593
Gm13470,3,102633065
Gm13483,2,100502624
Gm13523,2,115489514
Gm13594,3,108168763
Gm13749,2,433315
Gm13778,3,102632821
Gm13830,2,102639268
Gm13861,2,100039184
Gm14117,2,100418259
Gm14167,2,102633071
Gm14207,3,100043609
Gm14253,1,628707
Gm14288,2,13999
Gm14296,3,102639598
Gm14322,3,626802
Gm14326,2,665211
Gm14388,1,668486
Gm14391,5,665001
Gm14410,3,100043403
Gm14418,3,668066
Gm14494,1,100043869
Gm14539,2,100503459
Gm14567,1,100046796
Gm14808,2,102633044
Gm14812,2,100038584
Gm14966,3,102634533
Gm15270,3,102638890
Gm15417,10,545539
Gm15441,3,100038464
Gm15446,4,100642166
Gm15545,2,100502630
Gm15564,2,102639045
Gm15608,2,105245241
Gm15663,3,327812
Gm15764,3,102638849
Gm15787,5,100504007
Gm15832,2,NA
Gm15834,2,100504455
Gm15852,1,NA
Gm15860,3,115490136
Gm15867,2,100503471
Gm15943,3,NA
Gm15964,2,100503130
Gm15972,3,100502834
Gm15987,5,100504591
Gm16008,3,100038526
Gm16023,3,100502734
Gm16104,2,102634174
Gm16118,2,102632420
Gm16124,2,102636154
Gm16133,2,102632030
Gm16233,2,100504497
Gm16372,1,629364
Gm16538,2,NA
Gm16675,2,100503498
Gm16701,4,100503962
Gm16740,2,100504029
Gm16794,3,100504734
Gm16958,3,100862268
Gm16984,3,102640991
Gm17025,2,102634155
Gm17259,2,100502757
Gm17396,2,102635502
Gm17435,3,100503374
Gm17501,2,100216343
Gm17586,4,115487829
Gm17597,2,100504312
Gm19265,2,100502586
Gm19391,2,105244530
Gm19412,3,100502849
Gm19426,2,100502874
Gm19500,2,100503007
Gm19522,2,100503040
Gm19605,8,102638940
Gm1968,2,328657
Gm19684,1,100503422
Gm19705,3,100503460
Gm19744,3,100503519
Gm1976,7,100038746
Gm20033,4,NA
Gm2004,2,628147
Gm20186,2,100504344
Gm20468,2,NA
Gm20515,2,115489716
Gm20517,2,112694759
Gm20559,6,330256
Gm20621,2,100502684
Gm20655,2,102635429
Gm20684,2,102641467
Gm20703,2,NA
Gm21814,2,436100
Gm21992,2,102902673
Gm2379,4,100039704
Gm23849,2,115487916
Gm23952,2,102634376
Gm2449,4,100039837
Gm26510,5,102640823
Gm26559,2,102639339
Gm26562,2,105246095
Gm26586,2,NA
Gm26590,2,115488381
Gm26641,2,102638632
Gm26664,2,102635622
Gm26682,2,102637682
Gm26737,2,NA
Gm26740,6,102637787
Gm26747,2,102636945
Gm26782,10,102640338
Gm26881,4,105247120
Gm27252,2,102634962
Gm2788,2,108167326
Gm28417,2,118567734
Gm28836,2,102635593
Gm2885,2,102640250
Gm28959,2,NA
Gm29007,2,105244862
Gm29083,5,105243942
Gm29264,2,NA
Gm29642,2,102631685
Gm29683,4,624549
Gm29811,2,101243624
Gm30025,2,102631772
Gm30075,2,102631845
Gm30082,3,102631855
Gm30122,2,102631905
Gm30189,2,102632008
Gm30445,2,105246114
Gm30510,2,102632435
Gm30605,2,102632566
Gm30649,2,102632623
Gm30938,2,102633006
Gm30940,2,102633010
Gm30978,2,102633061
Gm30984,3,102633068
Gm31223,4,102633388
Gm31356,2,102633560
Gm31728,2,102634049
Gm31812,3,102634160
Gm31862,2,102634229
Gm32026,4,102634445
Gm32031,5,102634450
Gm32085,5,102634524
Gm32219,2,102634692
Gm32255,2,102634748
Gm32261,2,102634755
Gm32273,2,102634769
Gm32352,3,102634871
Gm32370,4,102634895
Gm32392,1,102634923
Gm32460,1,102635019
Gm3255,3,100041289
Gm32618,4,102635226
Gm32633,4,102635243
Gm32655,3,102635272
Gm32720,2,102635361
Gm32856,3,102635552
Gm32954,3,102635677
Gm33257,2,102636088
Gm33302,3,102636155
Gm33370,3,102636251
Gm33480,3,102636405
Gm33699,2,102636699
Gm33989,4,102637087
Gm34006,2,102637112
Gm34114,4,102637248
Gm34213,2,102637386
Gm34276,4,102637478
Gm34507,2,102637782
Gm34558,2,102637852
Gm34643,3,102637961
Gm34655,4,102637975
Gm34730,2,102638082
Gm34861,2,102638253
Gm34917,2,102638326
Gm35113,2,102638584
Gm35116,5,102638587
Gm35154,4,102638637
Gm35363,2,102638917
Gm35612,2,NA
Gm35853,2,102639573
Gm36025,2,102639796
Gm36102,5,102639900
Gm36107,3,102639906
Gm36161,10,102639975
Gm3625,3,105245369
Gm36297,2,102640164
Gm36298,3,102640165
Gm36356,3,102640242
Gm36443,2,102640363
Gm36496,3,102640433
Gm36535,2,102640487
Gm36569,2,102640530
Gm36587,2,102640551
Gm36608,3,102640578
Gm36878,2,102640931
Gm37082,1,NA
Gm37202,2,NA
Gm37233,2,118567733
Gm38250,2,108167550
Gm38396,3,626854
Gm38843,2,105242696
Gm38882,4,105242750
Gm39000,2,105242928
Gm39090,2,105243058
Gm39098,2,105243067
Gm39105,2,105243076
Gm3912,2,100042577
Gm39150,2,105243151
Gm39469,4,105243585
Gm39528,1,105243708
Gm39556,2,105243761
Gm39659,2,105243952
Gm39792,4,105244123
Gm39811,4,105244146
Gm40067,2,105244464
Gm40117,4,105244523
Gm40287,2,105244729
Gm40331,4,105244779
Gm40723,2,105245244
Gm40841,2,105245375
Gm41033,2,105245602
Gm41077,2,105245650
Gm41121,2,105245713
Gm4117,3,100042940
Gm41231,2,105245842
Gm41442,5,105246099
Gm41616,2,105246314
Gm41724,2,105246434
Gm41750,3,105246464
Gm41832,2,105246558
Gm4189,2,100043045
Gm4202,1,100418460
Gm4204,1,100043064
Gm42047,2,105246823
Gm4208,2,100043070
Gm42151,2,105246959
Gm4221,5,100043089
Gm42312,2,105247163
Gm42815,1,NA
Gm4285,2,100043189
Gm43081,1,NA
Gm43305,4,108168162
Gm43351,2,118568626
Gm43568,2,108168895
Gm44036,2,NA
Gm44148,2,115490371
Gm4419,4,100043407
Gm44210,3,NA
Gm44662,5,NA
Gm44691,4,118567468
Gm45338,2,NA
Gm4544,2,100043600
Gm45441,2,118567529
Gm45752,2,102636793
Gm45799,2,NA
Gm45871,2,108168395
Gm45890,2,NA
Gm45924,2,105463124
Gm4610,2,100043726
Gm46204,2,108167786
Gm46224,2,108167810
Gm46323,2,108167966
Gm46357,2,108168008
Gm46430,6,108168101
Gm46606,4,108168356
Gm4668,2,100043817
Gm4673,2,100043823
Gm47039,1,NA
Gm47414,1,NA
Gm47438,4,118567859
Gm47467,4,NA
Gm47469,2,NA
Gm47507,2,NA
Gm48065,2,NA
Gm48226,1,NA
Gm48623,4,NA
Gm4876,7,232599
Gm48768,3,NA
Gm48770,1,NA
Gm48832,2,NA
Gm48882,2,NA
Gm4890,3,234479
Gm48952,1,115488501
Gm49041,2,NA
Gm4924,2,237412
Gm49257,1,NA
Gm49327,3,NA
Gm49336,3,NA
Gm49373,1,NA
Gm49396,3,NA
Gm49708,2,NA
Gm49719,2,NA
Gm49870,3,118568309
Gm49891,2,NA
Gm49980,2,NA
Gm50020,2,NA
Gm50240,1,NA
Gm50340,4,115489003
Gm50433,2,NA
Gm50461,1,NA
Gm51425,2,115486031
Gm5148,2,381438
Gm51604,2,115486979
Gm52054,2,115488174
Gm52358,2,115488935
Gm52687,2,115489916
Gm53512,2,118567681
Gm53578,2,118567773
Gm53610,2,118567819
Gm53649,2,118567872
Gm53681,3,118567909
Gm53692,2,118567924
Gm54052,2,118568402
Gm54102,2,118568499
Gm54112,2,118568512
Gm54222,2,118568653
Gm54225,3,118568658
Gm54518,1,NA
Gm5547,4,433637
Gm5577,2,434064
Gm5602,2,434249
Gm56489,1,NA
Gm56496,2,NA
Gm56551,2,NA
Gm56555,2,NA
Gm56589,1,NA
Gm56593,2,NA
Gm56613,2,NA
Gm56614,2,NA
Gm56730,3,NA
Gm56745,2,NA
Gm56782,2,NA
Gm56796,2,NA
Gm56815,2,NA
Gm56828,2,NA
Gm56829,4,NA
Gm56847,7,NA
Gm56868,2,NA
Gm56874,2,NA
Gm56890,10,NA
Gm56897,2,NA
Gm56904,2,NA
Gm56907,3,NA
Gm56912,3,NA
Gm56915,3,NA
Gm56964,1,NA
Gm56974,4,NA
Gm56993,2,NA
Gm57007,2,NA
Gm57117,2,NA
Gm57124,2,NA
Gm57143,2,NA
Gm57161,2,NA
Gm57170,1,NA
Gm57184,4,NA
Gm57193,2,NA
Gm57204,3,NA
Gm57227,2,NA
Gm57271,1,NA
Gm57273,2,NA
Gm57295,5,NA
Gm57305,2,NA
Gm57309,2,NA
Gm57315,4,NA
Gm57349,2,NA
Gm57350,2,NA
Gm57352,4,NA
Gm57370,2,NA
Gm57372,3,NA
Gm57388,2,NA
Gm57403,2,NA
Gm57409,2,NA
Gm57424,2,NA
Gm57437,2,NA
Gm57488,1,108167485
Gm57587,5,115487949
Gm57857,4,NA
Gm5817,2,115488784
Gm5884,1,545878
Gm5914,2,546100
Gm59143,2,NA
Gm59251,2,NA
Gm59359,2,NA
Gm59784,1,NA
Gm60140,3,NA
Gm60146,3,NA
Gm60394,2,NA
Gm60399,3,NA
Gm61591,2,NA
Gm61604,2,NA
Gm61823,6,NA
Gm61839,2,NA
Gm6189,1,620899
Gm62034,2,NA
Gm62289,3,NA
Gm62508,3,NA
Gm62534,3,NA
Gm62612,2,NA
Gm6297,2,622208
Gm63209,1,NA
Gm63261,1,NA
Gm63314,4,NA
Gm63485,2,NA
Gm63662,2,NA
Gm64022,2,NA
Gm64419,2,NA
Gm64463,4,NA
Gm64507,2,NA
Gm64684,2,NA
Gm64819,4,NA
Gm65138,2,NA
Gm65253,2,NA
Gm65341,2,NA
Gm6542,1,624979
Gm65495,2,NA
Gm65734,2,NA
Gm6598,3,625540
Gm66006,2,NA
Gm66129,4,NA
Gm66230,3,NA
Gm66301,4,NA
Gm66687,2,NA
Gm66963,3,NA
Gm6710,2,626832
Gm6712,2,100862203
Gm67490,4,NA
Gm67506,2,NA
Gm67564,2,NA
Gm67663,2,NA
Gm67990,2,NA
Gm68157,2,NA
Gm68527,2,NA
Gm68537,2,NA
Gm68595,1,NA
Gm68734,5,NA
Gm6981,2,629557
Gm69889,3,NA
Gm69940,6,NA
Gm70138,3,NA
Gm70242,2,NA
Gm70432,2,NA
Gm70496,3,NA
Gm70523,2,NA
Gm70636,5,NA
Gm71057,2,NA
Gm7160,3,635504
Gm71647,1,NA
Gm71748,4,NA
Gm71893,2,NA
Gm72100,2,NA
Gm72497,2,NA
Gm72819,2,NA
Gm72874,1,NA
Gm72883,2,NA
Gm72977,3,NA
Gm73160,2,NA
Gm73394,1,NA
Gm73577,2,NA
Gm73578,7,NA
Gm73622,2,NA
Gm73647,2,NA
Gm74115,4,NA
Gm74206,8,NA
Gm74286,2,NA
Gm74331,2,NA
Gm74407,2,NA
Gm74413,2,NA
Gm74511,6,NA
Gm74547,2,NA
Gm74607,2,NA
Gm74879,1,NA
Gm74907,2,NA
Gm75524,1,NA
Gm75771,2,NA
Gm75791,1,NA
Gm7666,1,665511
Gm8098,5,666427
Gm8116,1,666456
Gm8817,2,667794
Gm9456,1,669389
Gm9790,1,100042265
Gm9791,1,100040232
Gm9843,4,100039316
Gm9895,3,100503337
Gm9917,2,100038755
Gm9920,2,100503794
Gmfb,3,63985
Gmfg,4,63986
Gmip,3,78816
Gmnn,2,57441
Gmppa,4,69080
Gmppb,3,331026
Gna13,2,14674
Gnai2,2,14678
Gnas,8,14683
Gnb1,3,14688
Gnb1l,4,13972
Gnb2,5,14693
Gnb4,2,14696
Gne,2,50798
Gng10,2,14700
Gng12,5,14701
Gng2,2,14702
Gng5,3,14707
Gng8,4,14709
Gngt2,6,14710
Gnl2,2,230737
Gnl3,2,30877
Gnpda1,4,26384
Gnpda2,3,67980
Gnptg,2,214505
Golga2,2,99412
Golga5,2,27277
Golga7,2,57437
Golim4,3,73124
Golm1,2,105348
Golm2,2,319996
Golph3,3,66629
Golph3l,2,229593
Gon7,2,100233175
Gopc,2,94221
Gorasp2,3,70231
Gosr2,3,56494
Gpam,2,14732
Gpat3,2,231510
Gpat4,2,102247
Gpatch1,2,67471
Gpatch11,2,53951
Gpatch2,4,67769
Gpatch2l,4,70373
Gpatch4,3,66614
Gpbp1,2,73274
Gpc6,3,23888
Gpcpd1,3,74182
Gpihbp1,2,68453
Gpm6b,6,14758
Gpn1,2,74254
Gpnmb,3,93695
Gpr107,2,277463
Gpr108,3,78308
Gpr137,5,107173
Gpr137b,4,83924
Gpr137b-ps,12,664862
Gpr137c,2,70713
Gpr146,3,80290
Gpr160,4,71862
Gpr19,3,14760
Gpr34,3,23890
Gpr35,2,64095
Gpr68,2,238377
Gpr82,1,319200
Gprasp1,2,67298
Gprc5b,2,64297
Gps1,5,209318
Gps2,2,56310
Gpsm1,3,67839
Gpsm3,2,106512
Gpt,2,76282
Gpx1,2,14775
Gpx4,3,625249
Gpx8,2,69590
Gramd1a,3,52857
Gramd1b,2,235283
Grb2,2,14784
Grcc10,4,14790
Gria3,3,53623
Gripap1,4,54645
Grk3,2,320129
Grk4,2,14772
Grk6,3,26385
Grp,2,225642
Grpel2,2,17714
Grsf1,2,231413
Grtp1,2,66790
Grwd1,2,101612
Gsap,4,212167
Gsdme,2,54722
Gskip,3,66787
Gsn,3,227753
Gspt1,2,14852
Gspt2,2,14853
Gss,2,14854
Gstk1,2,76263
Gstm1,2,14862
Gstm4,2,14865
Gstm5,2,14866
Gstm6,2,14867
Gsto1,2,14873
Gstt2,2,14872
Gt(ROSA)26Sor,6,14910
Gtdc1,2,227835
Gtf2a2,8,235459
Gtf2e1,2,74197
Gtf2e2,2,68153
Gtf2f1,2,98053
Gtf2f2,2,68705
Gtf2h2,2,23894
Gtf2h5,3,66467
Gtf2i,4,14886
Gtf2ird1,3,57080
Gtf3a,2,66596
Gtpbp2,2,56055
Gtpbp4,2,69237
Gtpbp6,4,107999
Gtpbp8,4,66067
Gtse1,2,29870
Gucd1,2,68778
Guf1,5,231279
Guk1,2,14923
Gulp1,2,70676
Gusb,3,110006
Gxylt1,2,223827
Gxylt2,2,232313
Gyg1,2,27357
Gypc,2,71683
H13,4,14950
H19,7,14955
H1f5,1,56702
H2-Aa,2,14960
H2-Ab1,2,14961
H2-D1,2,14964
H2-DMb2,2,15000
H2-Eb1,2,14969
H2-K1,5,14972
H2-K2,5,630499
H2-Q7,4,15018
H2-T22,3,15039
H2-T23,2,15040
H2az1,2,51788
H2az2,2,77605
H2bc6,2,319179
H3c11,2,319153
H3c3,1,319148
H3f3a,2,15078
H3f3b,2,15081
H4c4,1,319156
H4c8,2,69386
H6pd,2,100198
Habp4,2,56541
Hacd1,2,30963
Hacd4,2,66775
Hace1,2,209462
Hacl1,2,56794
Hadha,3,97212
Hadhb,2,231086
Hadhb-ps,1,623031
Haghl,7,68977
Halr1,3,102635415
Hapstr1,2,69053
Hat1,2,107435
Haus1,3,225745
Haus2,3,66296
Haus5,3,71909
Haus7,2,73738
Haus8,3,76478
Hax1,5,23897
Hba-a1,2,15122
Hba-a2,2,110257
Hbp1,4,73389
Hbs1l,4,56422
Hccs,2,15159
Hcfc1r1,2,353502
Hcfc2,2,67933
Hdac10,2,170787
Hdac5,2,15184
Hdac6,2,15185
Hdac7,2,56233
Hdgfl2,3,15193
Hdhd2,4,76987
Hdlbp,2,110611
Hdnr,2,75996
Heatr6,2,217026
Hebp2,2,56016
Heg1,2,77446
Helz,2,78455
Hemk1,2,69536
Heph,2,15203
Herc1,2,235439
Herc4,2,67345
Herpud1,2,64209
Hes6,2,55927
Hexd,2,238023
Hexim2,2,71059
Hgf,2,15234
Hhat,2,226861
Hhex,2,15242
Hic1,2,15248
Hid1,2,217310
Hif1an,2,319594
Higd1a,4,56295
Higd1b,3,75689
Hikeshi,4,67669
Hinfp,2,102423
Hint2,2,68917
Hint3,2,66847
Hivep2,2,15273
Hivep3,3,16656
Hjurp,2,381280
Hk1os,4,70162
Hk3,2,212032
Hlcs,3,110948
Hmbox1,3,219150
Hmg20a,2,66867
Hmg20b,5,15353
Hmga1,6,15361
Hmgb1,3,15289
Hmgb2,2,97165
Hmgb3,4,15354
Hmgcs1,2,208715
Hmgcs2,2,15360
Hmgn2,7,15331
Hmgn3,3,94353
Hmgxb3,2,106894
Hmgxb4,2,70823
Hmmr,2,15366
Hmox2,2,15369
Hnmt,2,140483
Hnrnpa1,5,15382
Hnrnpa2b1,7,53379
Hnrnpa3,2,229279
Hnrnpc,6,15381
Hnrnpd,4,11991
Hnrnpdl,3,50926
Hnrnpf,4,98758
Hnrnph1,4,59013
Hnrnph2,2,56258
Hnrnph3,5,432467
Hnrnpk,8,15387
Hnrnpl,3,15388
Hnrnpll,2,72692
Hnrnpm,4,76936
Hnrnpr,4,74326
Hnrnpu,2,51810
Hnrnpul1,3,232989
Homer3,6,26558
Homez,2,239099
Hopx,3,74318
Hotairm1,2,105242658
Hoxa9,2,15405
Hoxaas2,1,105242657
Hoxb3os,7,102632302
Hoxd3os1,4,73429
Hp1bp3,5,15441
Hpf1,3,72612
Hpgds,2,54486
Hps1,4,192236
Hps3,3,12807
Hps4,3,192232
Hps5,3,246694
Hras,6,15461
Hsd11b1,2,15483
Hsd17b10,3,15108
Hsd17b7,2,15490
Hsd17b8,5,14979
Hsd3b7,4,101502
Hsdl1,2,72552
Hsdl2,2,72479
Hsf1,3,15499
Hsf2,2,15500
Hspa12a,4,73442
Hspa13,2,110920
Hspa2,2,15512
Hspa5,2,14828
Hspa8,3,15481
Hspb1,2,15507
Hspb2,2,69253
Hspb6,2,243912
Hspbap1,2,66667
Hspd1,2,15510
Hsph1,2,15505
Htatip2,3,53415
Htatsf1,2,72459
Htr2b,2,15559
Htra1,2,56213
Htra2,5,64704
Htra3,2,78558
Hus1,2,15574
Hvcn1,3,74096
Hyal1,2,15586
Hyal2,2,15587
Hyi,2,68180
Hyou1,2,12282
Hypk,2,67693
I730030J21Rik,5,619313
Iars2,2,381314
Ibtk,2,108837
Icam2,2,15896
Icam4,2,78369
Ice1,2,218333
Icmt,2,57295
Id1,2,15901
Id2,2,15902
Idh1,2,15926
Idh3a,2,67834
Idh3b,3,170718
Idh3g,2,15929
Idi1,2,319554
Idnk,3,75731
Idua,2,15932
Ier3ip1,2,66191
Ier5,2,15939
Iffo1,3,320678
Ifi203,5,15950
Ifi27,5,52668
Ifi47,2,15953
Ifih1,3,71586
Ifit1bl1,2,667373
Ifit3,2,15959
Ifitm1,3,68713
Ifitm6,2,213002
Ifnar1,2,15975
Ifnar2,3,15976
Ifngr1,2,15979
Ifrd2,2,15983
Ift122,2,81896
Ift172,2,67661
Ift20,3,55978
Ift22,2,67286
Ift25,2,72938
Ift43,3,76411
Ift57,2,73916
Ift70a1,1,78802
Ift74,2,67694
Ift81,2,12589
Iftap,3,68170
Igf1,4,16000
Igf2bp2,2,319765
Igfals,2,16005
Igfbp7,2,29817
Ighm,2,16019
Igsf3,2,78908
Igtp,3,16145
Iigp1,2,60440
Iigp1c,1,240327
Ik,2,24010
Ikbip,2,67454
Ikbkb,4,16150
Ikbkg,2,16151
Ikzf1,2,22778
Ikzf5,2,67143
Il10ra,2,16154
Il10rb,3,16155
Il11ra1,4,16157
Il15,2,16168
Il15ra,5,16169
Il17rb,2,50905
Il1r1,2,16177
Il1rap,2,16180
Il1rl1,2,17082
Il1rn,3,16181
Il20rb,3,213208
Il21r,2,60504
Il33,2,77125
Il34,3,76527
Il4ra,2,16190
Il6ra,2,16194
Ilf2,2,67781
Ilf3,4,16201
Ilk,3,16202
Ilkap,3,67444
Ilrun,3,224647
Ilvbl,5,216136
Immt,4,76614
Impa1,2,55980
Impdh1,4,23917
Inca1,2,103844
Ing1,5,26356
Ing3,3,71777
Ing4,2,28019
Inip,3,66209
Inka2,2,109050
Ino80c,2,225280
Ino80dos,3,100380944
Ino80e,2,233875
Inpp5a,2,212111
Inpp5d,3,16331
Inpp5f,2,101490
Inpp5k,2,19062
Inppl1,3,16332
Insc,2,233752
Insig1,2,231070
Insig2,2,72999
Ints10,2,70885
Ints13,3,71177
Ints14,2,69882
Ints2,2,70422
Ints3,2,229543
Ints6,3,18130
Ints6l,3,236790
Ints7,4,77065
Intu,3,380614
Invs,2,16348
Ip6k1,3,27399
Ip6k2,4,76500
Ipmk,3,69718
Ipo11,2,76582
Ipo4,2,75751
Ipo7,2,233726
Ipo9,2,226432
Iqcb1,2,320299
Iqcc,2,230767
Iqce,2,74239
Iqck,3,434232
Iqgap1,2,29875
Iqsec2,2,245666
Irag2,2,16970
Irak1,2,16179
Irak1bp1,2,65099
Irak3,2,73914
Irf1,3,16362
Irf2,2,16363
Irf3,5,54131
Irf4,2,16364
Irf5,3,27056
Irf7,6,54123
Irf9,3,16391
Irgm1,2,15944
Irgm2,2,54396
Isca2,3,74316
Iscu,3,66383
Isg20,2,57444
Islr,2,26968
Ist1,3,71955
Isyna1,2,71780
Itch,4,16396
Itfg2,2,101142
Itga2b,2,16399
Itga7,3,16404
Itgam,2,16409
Itgav,2,16410
Itgb1,2,16412
Itgb1bp1,4,16413
Itgb3bp,2,67733
Itgb5,3,16419
Itgb7,2,16421
Itm2b,2,16432
Itpr2,2,16439
Itsn1,3,16443
Itsn2,3,20403
Ivns1abp,3,117198
Izumo4,4,71564
Jade1,3,269424
Jagn1,2,67767
Jak3,2,16453
Jam2,3,67374
Jam3,2,83964
Jdp2,2,81703
Jmjd4,2,194952
Jmjd6,4,107817
Jmjd7,6,433466
Jmjd8,3,72106
Josd2,8,66124
Jpt1,3,15374
Jpt2,2,52009
Jpx,7,70252
Jtb,2,23922
Jun,1,16476
Junos,4,230451
Kalrn,2,545156
Kank1,2,107351
Kank3,4,80880
Kansl1l,2,68691
Kansl2,3,69612
Kansl3,2,226976
Kars1,3,85305
Kat14,3,228714
Kat2a,3,14534
Kat5,3,81601
Kat7,2,217127
Kat8,2,67773
Katnal1,2,231912
Katnal2,2,71206
Katnbl1,2,72425
Kazald1,2,107250
Kbtbd2,2,210973
Kbtbd3,2,69149
Kbtbd4,2,67136
Kcna1,2,16485
Kcna6,4,16494
Kcnab2,4,16498
Kcne3,3,57442
Kcnip3,3,56461
Kcnk1,2,16525
Kcnk13,2,217826
Kcnk2,2,16526
Kcnn4,2,16534
Kctd12b,2,207474
Kctd18,3,51960
Kctd2,2,70382
Kctd20,4,66989
Kctd9,2,105440
Kdelr1,3,68137
Kdm1a,2,99982
Kdm2a,2,225876
Kdm4a,2,230674
Kdm5a,2,214899
Kdm5c,3,20591
Keap1,4,50868
Khdc4,2,74200
Khdrbs1,2,20218
Khk,4,16548
Khnyn,2,219094
Khsrp,2,16549
Kics2,2,270802
Kif15,2,209737
Kif19a,1,286942
Kif1a,2,16560
Kif1c,4,16562
Kif20a,2,19348
Kif20b,2,240641
Kif24,2,109242
Kif2c,2,73804
Kif3a,2,16568
Kif3c,2,16570
Kif5b,2,16573
Kif9,2,16578
Kifap3,2,16579
Kifc5b,2,16580
Kit,2,16590
Klc1,6,16593
Klc4,2,74764
Klf10,2,21847
Klf13,2,50794
Klf3,2,16599
Klhdc1,2,271005
Klhdc10,2,76788
Klhdc3,3,71765
Klhdc4,3,234825
Klhl12,2,240756
Klhl13,3,67455
Klhl15,3,236904
Klhl17,2,231003
Klhl18,2,270201
Klhl20,2,226541
Klhl25,3,207952
Klhl26,4,234378
Klhl28,2,66689
Klhl36,2,234796
Klhl4,2,237010
Klhl5,2,71778
Klk8,2,259277
Klra17,2,170733
Klrb1a,4,17057
Klrb1b,2,80782
Klrb1c,2,17059
Klrk1,2,27007
Kmt5a,7,67956
Kmt5c,2,232811
Kng1,2,16644
Kng2,3,385643
Knop1,3,66356
Kpna2,2,16647
Kpna4,2,16649
Kptn,2,70394
Krit1,2,79264
Krt10,2,16661
Krt35,1,53617
Krtcap2,2,66059
Krtdap,3,64661
Kxd1,2,75620
Kyat1,3,70266
Kynu,2,70789
L1cam,2,16728
LTO1,2,72284
Lacc1,2,210808
Lactb,2,80907
Lactb2,2,212442
Lage3,2,66192
Lair1,3,52855
Lama2,3,16773
Lama4,2,16775
Lamb2,2,16779
Lamc2,2,16782
Lamp2,3,16784
Lamtor1,2,66508
Lamtor2,4,83409
Lamtor3,2,56692
Lamtor4,2,66096
Lamtor5,2,68576
Lancl1,3,14768
Laptm4b,2,114128
Lars2,2,102436
Las1l,2,76130
Lat2,2,56743
Lats1,2,16798
Lats2,2,50523
Lbp,4,16803
Lcmt1,2,30949
Lcmt2,2,329504
Lcorl,3,209707
Lcp2,2,16822
Lctl,2,235435
Ldah,5,68832
Ldb1,2,16825
Ldb2,2,16826
Ldha,2,16828
Ldlrad3,2,241576
Leng8,3,232798
Lepr,3,16847
Leprot,2,230514
Letm2,4,270035
Letmd1,3,68614
Lgals1,2,16852
Lgals12,2,56072
Lgals3,4,16854
Lgals4,2,16855
Lgals8,5,56048
Lgals9,2,16859
Lgalsl,2,216551
Lgi1,3,56839
Lgi3,2,213469
Lgi4,2,243914
Lgmn,2,19141
Lhfpl2,2,218454
Lhx6,3,16874
Lias,2,79464
Lig1,3,16881
Lig3,3,16882
Lilrb4a,4,14728
Lilrb4b,7,14727
Lima1,3,65970
Limch1,2,77569
Lime1,2,72699
Limk1,2,16885
Limk2,4,16886
Lims1,2,110829
Lin37,3,75660
Lin54,3,231506
Lin7c,2,22343
Lins1,3,72635
Lipe,3,16890
Lix1,2,66643
Llgl1,2,16897
Llph,2,66225
Lman1,2,70361
Lman2l,3,214895
Lmbr1,3,56873
Lmbrd1,2,68421
Lmcd1,2,30937
Lmf1,3,76483
Lmf2,3,105847
Lmna,2,16905
Lmo1,2,109594
Lmo2,2,16909
Lmo4,2,16911
Lncppara,2,102800312
Lnpk,4,69605
Lockd,4,381822
Lonp1,2,74142
Lonp2,3,66887
Lox,2,16948
Loxl3,2,16950
Lpar1,5,14745
Lpcat1,2,210992
Lpgat1,2,226856
Lpin1,2,14245
Lpl,2,16956
Lppos,4,68841
Lrch1,2,380916
Lrch4,2,231798
Lrif1,2,321000
Lrp1,2,16971
Lrp12,2,239393
Lrp6,3,16974
Lrr1,2,69706
Lrrc14,5,223664
Lrrc28,3,67867
Lrrc32,2,434215
Lrrc39,2,109245
Lrrc40,3,67144
Lrrc41,3,230654
Lrrc45,3,217366
Lrrc49,2,102747
Lrrc51,5,69358
Lrrc56,2,70552
Lrrc57,4,66606
Lrrc61,2,243371
Lrrc8b,2,433926
Lrrc8d,2,231549
Lrrcc1,3,71710
Lrrfip1,4,16978
Lrrfip2,3,71268
Lrriq3,3,74435
Lrrk1,2,233328
Lrrk2,2,66725
Lsg1,2,224092
Lsm10,2,116748
Lsm11,2,72290
Lsm14a,2,67070
Lsm2,3,27756
Lsm3,3,67678
Lsm4,2,50783
Lsm5,2,66373
Lsm6,4,78651
Lsm7,5,66094
Lsp1,5,16985
Lsr,3,54135
Lta4h,2,16993
Ltbp1,2,268977
Ltbp3,2,16998
Ltbp4,2,108075
Ltc4s,4,17001
Ltn1,2,78913
Luc7l,5,66978
Luc7l2,2,192196
Luc7l3,4,67684
Luzp1,2,269593
Lvrn,2,74574
Ly6a,4,110454
Ly6c1,3,17067
Ly6c2,2,100041546
Ly6e,3,17069
Ly6h,3,23934
Ly86,3,17084
Ly9,3,17085
Lyl1,2,17095
Lyn,2,17096
Lypd2,2,68311
Lypla1,2,18777
Lyplal1,2,226791
Lyrm1,3,73919
Lysmd2,2,70082
Lysmd3,2,80289
Lysmd4,5,75099
Lyz2,2,17105
Lzic,2,69151
Lztfl1,2,93730
Lztr1,2,66863
Lzts2,4,226154
M1ap,1,110958
M6pr,3,17113
Macir,3,52392
Macrod2,4,72899
Macroh2a1,3,26914
Mad1l1,2,17120
Mad2l1,3,56150
Mad2l2,2,71890
Maf1,4,68877
Maff,2,17133
Maged1,3,94275
Maged2,3,80884
Magt1,2,67075
Mal,2,17153
Malat1,4,72289
Malsu1,4,75593
Man1a,2,17155
Man2c1,4,73744
Man2c1os,2,76794
Manf,3,74840
Map1a,2,17754
Map1b,2,17755
Map1lc3a,2,66734
Map1lc3b,3,67443
Map1s,2,270058
Map2k2,4,26396
Map2k3,2,26397
Map2k3os,3,24082
Map2k7,3,26400
Map3k10,3,269881
Map3k12,3,26404
Map3k20,2,65964
Map3k4,2,26407
Map3k6,2,53608
Map3k7,2,26409
Map4,4,17758
Map4k3,4,225028
Map6,2,17760
Map7d1,3,245877
Mapk1,3,26413
Mapk12,2,29857
Mapk14,3,26416
Mapk1ip1,3,69546
Mapk3,3,26417
Mapk6,3,50772
Mapk7,4,23939
Mapk8,2,26419
Mapk8ip1,3,19099
Mapk8ip3,2,30957
Mapk9,3,26420
Mapkap1,2,227743
Mapkapk3,2,102626
Mapkapk5,3,17165
Mapre2,3,212307
Mapre3,3,100732
Marchf2,3,224703
Marchf5,3,69104
Marchf7,2,57438
Marchf8,5,71779
Mark2,2,13728
Mars1,3,216443
Mars2,1,212679
Marveld2,2,218518
Mast3,2,546071
Mastl,2,67121
Mat2a,3,232087
Mat2b,2,108645
Matcap1,3,74356
Matk,2,17179
Matn2,4,17181
Matr3,3,17184
Mau2,3,74549
Mavs,3,228607
Max,2,17187
Maz,2,17188
Mbd1,3,17190
Mbd3,4,17192
Mbd4,3,17193
Mbd5,3,109241
Mbnl1,3,56758
Mbnl2,2,105559
Mbnl3,2,171170
Mboat1,2,218121
Mboat2,3,67216
Mbp,9,17196
Mbtd1,2,103537
Mbtps1,3,56453
Mcam,2,84004
Mcee,3,73724
Mcfd2,2,193813
Mcl1,3,17210
Mcm3,2,17215
Mcm5,3,17218
Mcm6,2,17219
Mcm7,2,17220
Mcm9,2,71567
Mcoln1,2,94178
Mcoln2,2,68279
Mcph1,2,244329
Mcrip1,2,192173
Mcrip2,4,68241
Mcrs1,2,51812
Mcts1,2,68995
Mcu,3,215999
Mcub,2,66815
Mcur1,2,76137
Mdh2,2,17448
Mdk,3,17242
Mdm2,2,17246
Mdm4,4,17248
Mdp1,2,67881
Me2,2,107029
Mea1,2,17256
Meaf6,3,70088
Mecp2,2,17257
Mecr,3,26922
Med1,3,19014
Med10,2,28077
Med11,2,66172
Med12,2,59024
Med15,4,94112
Med16,2,216154
Med20,2,56771
Med21,4,108098
Med23,2,70208
Med25,4,75613
Med27,2,68975
Med28,3,66999
Med31,2,67279
Med4,2,67381
Med6,2,69792
Med7,3,66213
Med8,2,80509
Mef2a,3,17258
Mef2c,3,17260
Mef2d,3,17261
Meg3,12,17263
Meis3,3,17537
Melk,2,17279
Memo1,3,76890
Men1,2,17283
Mest,2,17294
Metap1d,3,66559
Metap2,4,56307
Metrn,3,70083
Mettl1,3,17299
Mettl13,2,71449
Mettl14,2,210529
Mettl17,3,52535
Mettl18,2,69962
Mettl21a,2,67099
Mettl23,3,74319
Mettl25b,2,229503
Mettl26,4,68347
Mettl27,4,79565
Mettl3,4,56335
Mettl4,3,76781
Mettl5,3,75422
Mettl6,3,67011
Mettl8,3,228019
Mettl9,2,59052
Mexis,3,381524
Mfap3,3,216760
Mfap3l,2,71306
Mfap4,2,76293
Mfap5,6,50530
Mff,7,75734
Mfge8,2,17304
Mfn2,3,170731
Mfsd10,3,68294
Mfsd11,4,69900
Mfsd13a,3,75146
Mfsd14b,2,66631
Mfsd4b4,2,213332
Mfsd9,2,211798
Mgarp,2,67749
Mgat1,4,17308
Mgl2,3,216864
Mgll,2,23945
Mgme1,3,74528
Mgrn1,3,17237
Mgst1,3,56615
Mia2,7,338320
Miat,3,330166
Mib2,3,76580
Mical1,3,171580
Mical2,3,320878
Micall1,2,27008
Micos10,2,433771
Micos13,3,224904
Micu1,2,216001
Mid1ip1,2,68041
Midn,2,59090
Mief1,2,239555
Mier1,3,71148
Mif4gd,3,69674
Miga1,2,215708
Miga2,2,108958
Miip,3,28010
Mill2,2,243864
Milr1,4,380732
Mindy1,3,75007
Mindy3,5,66960
Mink1,3,50932
Mipol1,3,73490
Mir100hg,6,73144
Mir142hg,2,78591
Mir223hg,5,100038363
Mir503hg,3,72575
Mir99ahg,8,77994
Mirg,3,100040724
Mis18a,2,66578
Mis18bp1,3,217653
Misp3,2,70134
Mitd1,2,69028
Mix23,2,381045
Mkks,3,59030
Mkln1,2,27418
Mkln1os,2,100503869
Mknk1,2,17346
Mkrn1,4,54484
Mlf1,2,17349
Mlf2,2,30853
Mlip,2,69642
Mlkl,2,74568
Mllt11,2,56772
Mllt3,2,70122
Mlst8,4,56716
Mlx,4,21428
Mmaa,2,109136
Mmadhc,4,109129
Mmd2,2,75104
Mme,3,17380
Mmp11,2,17385
Mmp12,2,17381
Mmp19,2,58223
Mmp2,2,17390
Mmp23,2,26561
Mmp27,2,234911
Mmp28,1,118453
Mmrn1,2,70945
Mms19,2,72199
Mms22l,2,212377
Mnat1,2,17420
Mndal,2,100040462
Mob1a,2,232157
Mob1b,3,68473
Mob2,3,101513
Mob3a,2,208228
Mob4,2,19070
Mocs1,3,56738
Mocs2,5,17434
Mon1b,2,270096
Morc4,3,75746
Morf4l1,3,21761
Morf4l2,5,56397
Morrbid,13,100043424
Mosmo,3,233812
Mospd2,2,76763
Mospd3,2,68929
Mov10,3,17454
Mpc2,2,70456
Mpdz,2,17475
Mpeg1,1,17476
Mpg,2,268395
Mplkip,2,66308
Mpp1,2,17524
Mpp7,2,75739
Mprip,5,26936
Mpst,2,246221
Mpv17,4,17527
Mpv17l,4,93734
Mpzl1,2,68481
Mr1,3,15064
Mrap,2,77037
Mras,3,17532
Mrc2,3,17534
Mrgbp,3,73247
Mri1,2,67873
Mrm3,2,67390
Mrpl1,2,94061
Mrpl10,2,107732
Mrpl11,2,66419
Mrpl13,2,68537
Mrpl15,6,27395
Mrpl16,2,94063
Mrpl17,3,27397
Mrpl2,2,27398
Mrpl20,3,66448
Mrpl23,4,19935
Mrpl24,3,67707
Mrpl27,2,94064
Mrpl28,3,68611
Mrpl3,3,94062
Mrpl30,3,107734
Mrpl32,3,75398
Mrpl33,6,66845
Mrpl36,2,94066
Mrpl38,3,60441
Mrpl39,2,27393
Mrpl4,2,66163
Mrpl40,2,18100
Mrpl41,2,107733
Mrpl42,3,67270
Mrpl44,2,69163
Mrpl48,4,52443
Mrpl49,2,18120
Mrpl51,2,66493
Mrpl52,5,68836
Mrpl53,2,68499
Mrpl55,5,67212
Mrpl57,2,67840
Mrpl58,3,68572
Mrpl9,2,78523
Mrps10,3,64657
Mrps11,2,67994
Mrps12,2,24030
Mrps14,3,64659
Mrps15,3,66407
Mrps16,2,66242
Mrps17,5,66258
Mrps18b,2,66973
Mrps18c,4,68735
Mrps2,3,118451
Mrps21,2,66292
Mrps23,3,64656
Mrps24,2,64660
Mrps26,2,99045
Mrps28,2,66230
Mrps31,2,57312
Mrps33,2,14548
Mrps34,2,79044
Mrps35,2,232536
Mrps36,5,66128
Mrps5,2,77721
Mrps6,2,121022
Mrps9,2,69527
Mrtfb,2,239719
Mrto4,2,69902
Ms4a6c,2,73656
Ms4a7,4,109225
Ms4a8a,2,64381
Msantd3,2,66665
Msantd4,2,78100
Msc,2,17681
Msh3,2,17686
Msl1,2,74026
Msl3,2,17692
Msln,3,56047
Msmo1,2,66234
Msn,2,17698
Msr1,2,20288
Msrb1,2,27361
Msto1,2,229524
Mt1,3,17748
Mt2,2,17750
Mta3,4,116871
Mtarc2,3,67247
Mtch1,8,56462
Mtch2,5,56428
Mtdh,3,67154
Mterf1a,2,545725
Mterf3,3,66410
Mterf4,4,69821
Mtf2,4,17765
Mtfmt,2,69606
Mtfr1l,2,76824
Mtg1,2,212508
Mtg2,2,52856
Mthfd1,2,108156
Mthfd1l,2,270685
Mthfd2l,2,665563
Mthfs,4,107885
Mthfsd,6,234814
Mthfsl,4,100039707
Mtif2,2,76784
Mtif3,2,76366
Mtm1,3,17772
Mtmr12,3,268783
Mtmr2,5,77116
Mtmr3,3,74302
Mtnap1,2,276852
Mtor,2,56717
Mtpap,4,67440
Mtrfr,2,72650
Mtss1,2,211401
Mtss2,2,244654
Mtus1,2,102103
Mtx1,2,17827
Mul1,3,68350
Mup10,2,100039008
Mup11,3,100039028
Mup3,2,17842
Mus81,3,71711
Mutyh,3,70603
Mvb12a,3,73711
Mvb12b,2,72543
Mvk,3,17855
Mxd3,2,17121
Mxd4,2,17122
Mxi1,4,17859
Mxra7,2,67622
Myadm,3,50918
Mycbp,5,56309
Mycl,2,16918
Myd88,2,17874
Mydgf,2,28106
Myef2,5,17876
Myg1,4,60315
Myh10,2,77579
Myl12a,4,67268
Myl4,2,17896
Myl6,8,17904
Mylip,3,218203
Mylpf,2,17907
Mynn,3,80732
Myo18a,2,360013
Myo1b,3,17912
Myo1c,4,17913
Myo1f,2,17916
Myo1h,2,231646
Myo5a,2,17918
Mypop,2,232934
Mypopos,2,102636709
Mzf1,2,109889
Mzt1,3,76789
Mzt2,3,72083
N4bp2l1,2,100637
N6amt1,3,NA
Naa10,4,56292
Naa12,3,117903916
Naa16,2,66897
Naa20,2,67877
Naa35,2,78689
Naa38,3,78304
Naa50,4,72117
Naa60,2,74763
Naaa,3,67111
Nab1,2,17936
Nab2,2,17937
Nabp1,2,109019
Nabp2,2,69917
Nacc2,2,67991
Nadk,3,192185
Nadk2,2,68646
Nadsyn1,2,78914
Nae1,2,234664
Naga,2,17939
Nagk,2,56174
Nagpa,2,27426
Nap1l1,3,53605
Nap1l4,3,17955
Napepld,2,242864
Naprt,2,223646
Nars1,4,70223
Nasp,3,50927
Nat10,2,98956
Nat8f1,2,66116
Nat8f3,2,93674
Nat9,2,66176
Naxd,5,69225
Nbdy,3,70123
Nbeal1,2,269198
Nbr1,5,17966
Ncald,2,52589
Ncam1,2,17967
Ncaph,2,215387
Ncaph2,4,52683
Ncbp2,2,68092
Nceh1,2,320024
Ncf1,3,17969
Ncf4,2,17972
Nck1,3,17973
Nckap1l,2,105855
Ncln,2,103425
Ncmap,2,230822
Ncoa4,2,27057
Ncoa6,3,56406
Ncoa7,4,211329
Ncr1,2,17086
Ncstn,3,59287
Nde1,4,67203
Ndel1,3,83431
Ndfip1,3,65113
Ndfip2,3,76273
Ndrg2,2,29811
Ndrg3,2,29812
Ndrg4,2,234593
Ndufa11,3,69875
Ndufa12,4,66414
Ndufa3,4,66091
Ndufa4,4,NA
Ndufa5,4,68202
Ndufa6,3,67130
Ndufa7,7,66416
Ndufab1,4,70316
Ndufaf1,2,69702
Ndufaf2,2,75597
Ndufaf3,2,66706
Ndufaf4,3,68493
Ndufaf6,2,76947
Ndufaf7,2,73694
Ndufaf8,3,208501
Ndufb1,3,102631912
Ndufb10,3,68342
Ndufb2,3,68198
Ndufb4,2,68194
Ndufb6,2,230075
Ndufb8,4,67264
Ndufc1,3,66377
Ndufc2,2,68197
Ndufs1,2,227197
Ndufs2,2,226646
Ndufs4,4,17993
Ndufs5,3,595136
Ndufs6,3,407785
Ndufs7,2,75406
Ndufs8,3,225887
Ndufv1,2,17995
Ndufv2,3,72900
Ndufv3,3,78330
Neat1,4,66961
Necap1,2,67602
Necap2,2,66147
Nectin2,2,19294
Nedd1,2,17997
Nedd4,3,17999
Nedd9,2,18003
Negr1,2,320840
Nek1,3,18004
Nek2,2,18005
Nek4,3,23955
Nek6,2,59126
Nek7,3,59125
Nek8,2,140859
Nelfb,2,58202
Nelfcd,2,57314
Nelfe,3,27632
Nemf,3,66244
Nemp1,3,210035
Nemp2,2,227094
Neo1,3,18007
Net1,2,56349
Neu1,2,18010
Neu3,2,50877
Nfasc,2,269116
Nfatc1,5,18018
Nfe2l1,3,18023
Nfkb1,3,18033
Nfkb2,2,18034
Nfkbid,3,243910
Nfkbie,2,18037
Nfkbiz,3,80859
Nfrkb,3,235134
Nfs1,2,18041
Nfu1,3,56748
Nfx1,3,74164
Nfxl1,2,100978
Nfya,4,18044
Nfyc,2,18046
Ngly1,4,59007
Ngrn,2,83485
Nhej1,3,75570
Nherf2,5,65962
Nhlrc3,2,212114
Nhp2,2,52530
Nicol1,5,381633
Nid2,2,18074
Nif3l1,2,65102
Ninj1,3,18081
Nipa2,2,93790
Nipal2,2,223473
Nisch,4,64652
Nit1,3,27045
Nkapd1,2,270156
Nkd2,2,72293
Nkiras1,2,69721
Nktr,4,18087
Nkx6-2,2,14912
Nlgn3,2,245537
Nlgn4l,2,100113365
Nlk,2,18099
Nln,2,75805
Nlrx1,2,270151
Nmb,2,68039
Nme2,2,18103
Nme4,3,56520
Nme5,2,75533
Nme6,2,54369
Nme7,2,171567
Nmi,4,64685
Nmnat1,3,66454
Nmral1,5,67824
Nmrk1,3,225994
Nmt2,2,18108
Nnat,2,18111
Nnmt,2,18113
Nnt,3,18115
Nob1,2,67619
Noc2l,2,57741
Noc4l,2,100608
Noct,2,12457
Nol11,2,68979
Nol12,2,97961
Nol7,3,70078
Nol8,2,70930
Nol9,2,74035
Nono,3,53610
Nop53,3,68077
Nop56,4,67134
Nop58,2,55989
Nosip,2,66394
Noxo1,2,71893
Npdc1,4,18146
Npepl1,2,228961
Npepps,2,19155
Npm1,4,18148
Npr3,4,18162
Nprl2,2,56032
Nprl3,2,17168
Nptn,2,20320
Nqo2,3,18105
Nr1d2,2,353187
Nr1h2,4,22260
Nr1h3,4,22259
Nr2c2ap,3,75692
Nr4a1,2,15370
Nr4a2,2,18227
Nrbp1,2,192292
Nrdc,2,230598
Nrep,2,27528
Nrf1,4,18181
Nrg4,3,83961
Nrip1,2,268903
Nrip2,2,60345
Nrn1,2,68404
Nrros,4,224109
Nsa2,2,59050
Nsd1,4,18193
Nsd3,3,234135
Nsfl1c,3,386649
Nsg1,2,18196
Nsg2,2,18197
Nsl1,2,381318
Nsmce2,3,68501
Nsmce3,2,66647
Nsmf,3,56876
Nsun3,3,106338
Nt5c,2,50773
Nt5c2,3,76952
Nt5c3,2,107569
Nt5c3b,7,68106
Nt5dc1,4,319638
Nt5dc2,2,70021
Nt5m,3,103850
Ntan1,3,18203
Ntaq1,3,76773
Ntf3,2,18205
Nthl1,3,18207
Ntm,2,235106
Ntmt1,2,66617
Ntn5,2,243967
Ntpcr,2,66566
Nuak2,2,74137
Nub1,2,53312
Nubp1,2,26425
Nubp2,5,26426
Nubpl,3,76826
Nucb1,2,18220
Nucb2,2,53322
Nudcd1,2,67429
Nudcd2,3,52653
Nudcd3,2,209586
Nudt1,3,17766
Nudt13,3,67725
Nudt14,3,66174
Nudt16l1,4,66911
Nudt21,3,68219
Nudt22,2,68323
Nudt6,2,229228
Nudt7,5,67528
Nudt8,2,66387
Nudt9,2,74167
Nuf2,2,66977
Numa1,2,101706
Numb,2,18222
Nup188,2,227699
Nup205,2,70699
Nup214,2,227720
Nup37,2,69736
Nup42,2,231042
Nup50,2,18141
Nup54,2,269113
Nup62,2,18226
Nup85,2,445007
Nup88,2,19069
Nup93,3,71805
Nup98,4,269966
Nupr1,2,56312
Nus1,2,52014
Nusap1,2,108907
Nxf1,2,53319
Nxn,2,18230
Nxpe2,2,78252
Nxpe5,3,381680
Nxt1,2,56488
Nxt2,4,237082
Oard1,4,106821
Oas1a,2,246730
Oas1g,2,23960
Oasl1,2,231655
Oasl2,2,23962
Oaz1,3,18245
Oaz2,2,18247
Obi1,2,72486
Ocel1,2,77090
Ociad1,5,68095
Ociad2,2,433904
Ocln,2,18260
Odad1,2,211535
Odf2,4,18286
Odf2l,3,52184
Odr4,2,226499
Oga,3,76055
Ogdh,4,18293
Ogfod2,3,66627
Ogg1,2,18294
Ogt,6,108155
Oip5,2,70645
Oip5os1,8,66602
Ola1,2,67059
Olfm1,4,56177
Olfml3,2,99543
Omd,2,27047
Opa1,2,74143
Opa3,2,403187
Optn,2,71648
Orai2,2,269717
Orai3,2,269999
Orc3,2,50793
Orc4,6,26428
Orc5,2,26429
Orc6,2,56452
Ormdl2,4,66844
Os9,2,216440
Osbpl1a,6,64291
Osbpl8,2,237542
Osbpl9,6,100273
Oscp1,2,230751
Osgep,4,66246
Osgepl1,2,72085
Osgin2,2,209212
Osmr,2,18414
Osr2,6,107587
Ost4,2,67695
Ostf1,3,20409
Otud5,4,54644
Otulin,3,432940
Otulinl,2,223433
Oxa1l,2,69089
Oxr1,3,170719
Oxsm,3,71147
P2rx4,2,18438
P2rx7,5,18439
P2ry1,3,18441
P2ry10b,3,213438
P2ry12,4,70839
P2ry14,4,140795
P2ry2,3,18442
P2ry6,2,233571
P4ha1,3,18451
P4ha2,2,18452
P4htm,2,74443
Pabpc4,2,230721
Pabpn1,4,54196
Pacs2,3,217893
Pacsin2,4,23970
Pacsin3,4,80708
Pafah1b1,2,18472
Paics,3,67054
Paip1,3,218693
Paip2,6,67869
Paip2b,2,232164
Pak1,2,18479
Pak1ip1,2,68083
Pakap,2,677884
Palld,2,72333
Palm,2,18483
Pals1,2,56217
Pals2,5,56524
Pam,3,18484
Pamr1,2,210622
Pan2,5,103135
Panct2,2,329217
Pank1,2,75735
Pank2,5,74450
Panx1,2,55991
Paox,2,212503
Papola,5,18789
Papss1,4,23971
Papss2,2,23972
Paqr3,2,231474
Paqr5,4,74090
Paqr7,2,71904
Pard6a,5,56513
Park7,3,57320
Parl,2,381038
Parn,2,74108
Parp10,2,671535
Parp11,3,101187
Parp16,2,214424
Parp2,3,11546
Parp3,4,235587
Parp6,2,67287
Parp9,2,80285
Pars2,2,230577
Parvaos,2,102636183
Parvg,2,64099
Paxx,6,227622
Pbdc1,2,67683
Pbx1,3,18514
Pbx4,5,80720
Pcbd2,2,72562
Pcbp2,4,18521
Pcbp3,2,59093
Pccb,2,66904
Pcdh9,1,211712
Pcdhb14,1,93885
Pcdhb17,1,93888
Pcdhb3,1,93874
Pcdhga1,2,93709
Pcdhga7,2,93715
Pced1a,2,319513
Pcf11,2,74737
Pcgf1,2,69837
Pcgf5,3,76073
Pcid2,2,234069
Pcif1,3,228866
Pcm1,2,18536
Pcmt1,4,18537
Pcmtd2,2,245867
Pcnp,5,76302
Pcnx4,2,67708
Pcolce,5,18542
Pcsk7,2,18554
Pcx,2,18563
Pcyox1,4,66881
Pcyt1b,2,236899
Pdcd10,2,56426
Pdcd2,3,18567
Pdcd2l,3,68079
Pdcd4,2,18569
Pdcd5,4,56330
Pdcd5-ps,2,100042424
Pdcd6,3,18570
Pdcd6ip,2,18571
Pdcl,2,67466
Pdcl3,2,68833
Pde1a,2,18573
Pde4b,2,18578
Pde4dip,2,83679
Pde6d,2,18582
Pde8b,2,218461
Pde9a,4,18585
Pdgfa,2,18590
Pdgfc,2,54635
Pdgfd,3,71785
Pdgfra,5,18595
Pdgfrb,2,18596
Pdgfrl,2,68797
Pdia6,2,71853
Pdik1l,3,230809
Pdlim4,3,30794
Pdlim7,5,67399
Pdp1,3,381511
Pdrg1,3,68559
Pds5a,2,71521
Pdss1,3,56075
Pdss2,2,71365
Pdxdc1,2,94184
Pdzd11,3,72621
Pdzd2,2,68070
Pea15a,4,18611
Pear1,4,73182
Pecam1,4,18613
Peli1,2,67245
Pepd,2,18624
Per3,2,18628
Pet100,3,100503890
Pex11b,4,18632
Pex12,5,103737
Pex14,2,56273
Pex16,2,18633
Pex19,3,19298
Pex2,4,19302
Pex26,2,74043
Pex3,3,56535
Pex5,2,19305
Pex5l,6,58869
Pex6,2,224824
Pf4,3,56744
Pfdn1,2,67199
Pfdn4,2,109054
Pfdn5,4,56612
Pfdn6,6,14976
Pfkfb1,2,18639
Pfkfb2,2,18640
Pfkfb3,3,170768
Pfkfb4,2,270198
Pfkm,2,18642
Pfkp,2,56421
Pfn1,3,18643
Pfn2,2,18645
Pgam5,2,72542
Pgap2,4,233575
Pgap6,2,60455
Pgghg,3,212974
Pggt1b,2,225467
Pgls,2,66171
Pgm3,3,109785
Pgp,2,67078
Pgs1,3,74451
Phactr2,2,215789
Phactr4,2,100169
Phax,2,56698
Phc1,2,13619
Phc2,3,54383
Phc3,2,241915
Pheta1,2,231717
Pheta2,2,338368
Phf1,2,21652
Phf11d,3,219132
Phf12,2,268448
Phf14,3,75725
Phf20,2,228829
Phf23,4,78246
Phf2os1,2,102642832
Phf3,2,213109
Phf6,2,70998
Phf7,2,71838
Phf8,2,320595
Phka2,2,110094
Phkb,3,102093
Phkg2,4,68961
Phospho2,2,73373
Phpt1,2,75454
Phrf1,2,101471
Phtf1,2,18685
Phyhd1,4,227696
Phykpl,2,72947
Pi16,3,74116
Pi4k2a,3,84095
Pi4k2b,3,67073
Pi4ka,3,224020
Pias1,2,56469
Pias3,3,229615
Pibf1,3,52023
Picalm,5,233489
Pick1,2,18693
Pid1,3,98496
Pierce2,3,546143
Piga,2,18700
Pigb,3,55981
Pigc,2,67292
Pign,2,27392
Pigp,6,56176
Pigq,3,14755
Pigt,2,78928
Pigv,3,230801
Pigw,2,70325
Pigx,4,72084
Pih1d1,2,68845
Pik3c3,3,225326
Pik3cd,3,18707
Pik3cg,2,30955
Pik3ip1,2,216505
Pik3r1,2,18708
Pik3r5,2,320207
Pik3r6,2,104709
Pikfyve,2,18711
Pilrb2,3,545812
Pin4,3,69713
Pink1,2,68943
Pip4p1,4,219024
Pip5k1a,3,18720
Pip5k1c,2,18717
Pir,2,69656
Pirb,3,18733
Pisd,4,320951
Pitpna,2,18738
Pitpnb,3,56305
Pitrm1,2,69617
Piwil4,2,330890
Pja1,4,18744
Pja2,2,224938
Pkib,3,18768
Pkig,3,18769
Pkmyt1,2,268930
Pkn1,2,320795
Pknox1,3,18771
Pknox2,2,208076
Pla2g15,2,192654
Pla2g2d,2,18782
Pla2g5,2,18784
Pla2g6,3,53357
Pla2g7,2,27226
Plaat3,3,225845
Plac9,3,211623
Plat,2,18791
Plaur,2,18793
Plcd1,3,18799
Pld1,2,18805
Pld3,2,18807
Pld4,2,104759
Plec,1,18810
Plek,2,56193
Plekha2,2,83436
Plekha4,3,69217
Plekha5,1,109135
Plekhb1,5,27276
Plekhb2,2,226971
Plekhg2,2,101497
Plekhh3,2,217198
Plekhj1,5,78670
Plekho1,2,67220
Plgrkt,2,67759
Plin1,4,103968
Plin2,3,11520
Plin4,2,57435
Plin5,2,66968
Plk4,2,20873
Plk5,2,216166
Pln,2,18821
Plod1,2,18822
Plod2,2,26432
Plp1,2,18823
Plp2,2,18824
Plpbp,3,114863
Plpp1,3,19012
Plpp2,3,50784
Plpp5,7,71910
Plppr3,3,216152
Plrg1,2,53317
Pls3,3,102866
Plscr1,2,22038
Plscr2,2,18828
Plscr3,4,70310
Plscr4,2,235527
Pltp,2,18830
Plxdc1,2,72324
Plxna4os1,2,319849
Plxnb2,2,140570
Pmf1,2,67037
Pml,3,18854
Pmm1,3,29858
Pmm2,2,54128
Pmp22,4,18858
Pmpca,2,66865
Pms2,4,18861
Pmvk,3,68603
Pnkd,3,56695
Pnkp,3,59047
Pnpla2,2,66853
Pnpla8,3,67452
Pnpt1,2,71701
Pnrc2,2,52830
Poc1a,2,70235
Poc5,2,67463
Podn,2,242608
Poglut1,2,224143
Poglut2,3,72050
Pola2,3,18969
Polb,2,18970
Pold1,2,18971
Pold4,2,69745
Poldip2,2,67811
Poldip3,2,73826
Pole,2,18973
Pole3,2,59001
Pole4,3,66979
Polg,2,18975
Poln,1,272158
Polq,2,77782
Polr1h,2,66136
Polr1has,2,76416
Polr2d,2,69241
Polr2e,3,66420
Polr2f,2,69833
Polr2g,3,67710
Polr2h,3,245841
Polr2i,6,69920
Polr2j,2,20022
Polr2k,2,17749
Polr3c,3,74414
Polr3d,2,67065
Polr3e,2,26939
Polr3h,2,78929
Pomgnt1,2,68273
Pomgnt2,2,215494
Pomt2,2,217734
Pon3,2,269823
Pop5,3,117109
Pop7,2,74097
Por,2,18984
Porcn,3,53627
Postn,3,50706
Pot1b,2,72836
Pou2af3,3,100502940
Ppa2,2,74776
Ppan,4,235036
Pparg,3,19016
Ppcdc,3,66812
Ppcs,3,106564
Ppdpf,5,66496
Ppfia4,3,68507
Ppfibp1,2,67533
Pphln1,4,223828
Ppia,4,268373
Ppib,2,19035
Ppid,2,67738
Ppif,2,105675
Ppig,2,228005
Ppih,3,66101
Ppil1,2,68816
Ppil2,3,66053
Ppil3,3,70225
Ppip5k1,2,327655
Ppip5k2,2,227399
Ppm1b,2,19043
Ppm1h,2,319468
Ppm1m,2,67905
Ppox,3,19044
Ppp1ca,2,19045
Ppp1cc,3,19047
Ppp1ccb,2,434233
Ppp1r10,2,52040
Ppp1r11,2,76497
Ppp1r12c,2,232807
Ppp1r14b,3,18938
Ppp1r15b,2,108954
Ppp1r16a,2,73062
Ppp1r18,3,76448
Ppp1r18os,2,100503359
Ppp1r1a,2,58200
Ppp1r2,2,66849
Ppp1r35,3,69871
Ppp1r3b,3,244416
Ppp1r3e,2,105651
Ppp1r3f,2,54646
Ppp2r2a,2,71978
Ppp2r2d,3,52432
Ppp2r3a,2,235542
Ppp2r3d,3,19054
Ppp2r5c,3,26931
Ppp2r5d,2,21770
Ppp2r5e,3,26932
Ppp3cb,4,19056
Ppp3cc,2,19057
Ppp4c,2,56420
Ppp4r1,2,70351
Ppp4r1l-ps,8,100043911
Ppp4r3a,3,68734
Ppp4r3b,2,104570
Ppp6c,2,67857
Ppp6r2,2,71474
Ppp6r3,2,52036
Ppt1,4,19063
Ppt2,2,54397
Ppwd1,2,238831
Pqbp1,2,54633
Pramel12,2,242736
Prc1,5,233406
Prcp,2,72461
Prdm4,2,72843
Prdm5,2,70779
Prdx1,2,18477
Prdx2,4,21672
Prdx4,2,53381
Prdx5,3,54683
Prdx6,4,11758
Preb,2,50907
Prelid1,2,66494
Prelid2,2,77619
Prepl,2,213760
Prickle1,2,106042
Primpol,2,408022
Prkab1,2,19079
Prkacb,2,18749
Prkag2,2,108099
Prkar1a,2,19084
Prkar1b,2,19085
Prkar2b,2,19088
Prkcd,2,18753
Prkcsh,3,19089
Prkcz,3,18762
Prkd2,2,101540
Prkd3,2,75292
Prkg2,2,19092
Prkn,2,50873
Prkrip1,2,66801
Prmt1,2,15469
Prmt2,3,15468
Prmt3,2,71974
Prmt6,2,99890
Prmt7,2,214572
Prmt9,2,102182
Prnd,4,26434
Proca1,2,216974
Procr,2,19124
Prodh,2,19125
Prom1,2,19126
Prorp,4,66132
Prorsd1,2,67939
Proscos,2,100328574
Proser2,2,227545
Prpf18,3,67229
Prpf19,2,28000
Prpf3,3,70767
Prpf31,4,68988
Prpf38b,3,66921
Prpf39,2,328110
Prpf40a,3,56194
Prpf40b,2,54614
Prps2,2,110639
Prpsap1,4,67763
Prpsap2,3,212627
Prr13,4,66151
Prr14,2,233895
Prr3,2,75210
Prr5l,2,72446
Prrc1,2,73137
Prrg1,3,546336
Prrg2,2,65116
Prrx1,3,18933
Prss23,3,76453
Prss36,2,77613
Prtn3,2,19152
Prune2,2,353211
Prx,3,19153
Prxl2a,2,70564
Prxl2b,2,66469
Prxl2c,3,66129
Psap,3,19156
Psat1,2,107272
Psd4,3,215632
Psen1,3,19164
Psenen,2,66340
Psip1,3,101739
Psma1,3,26440
Psma3,6,19167
Psma4,3,26441
Psma7,3,26444
Psmb1,3,19170
Psmb10,4,19171
Psmb2,2,26445
Psmb4,2,19172
Psmb5,2,19173
Psmb6,2,19175
Psmb8,2,16913
Psmb9,3,16912
Psmc3,2,19182
Psmc3ip,2,19183
Psmc4,4,23996
Psmc5,2,19184
Psmd1,2,70247
Psmd10,2,53380
Psmd11,2,69077
Psmd12,2,66997
Psmd2,2,21762
Psmd4,3,19185
Psmd7,2,17463
Psmd8,2,57296
Psmd9,3,67151
Psme1,2,19186
Psme2,2,19188
Psmf1,2,228769
Psmg2,3,107047
Psmg3,2,66506
Psmg4,2,69666
Psph,2,100678
Psrc1,2,56742
Pstpip1,2,19200
Ptbp1,4,19205
Ptbp2,2,56195
Ptbp3,3,230257
Ptcd3,3,69956
Ptch2,2,19207
Ptdss2,3,27388
Pter,2,19212
Ptgds,3,19215
Ptger2,2,19217
Ptger4,2,19219
Ptges3,2,56351
Ptges3-ps,1,100043508
Ptges3l,3,73635
Ptgir,2,19222
Ptgr2,4,77219
Pth1r,2,19228
Ptk2,2,14083
Ptk2b,2,19229
Ptov1,3,84113
Ptp4a1,3,19243
Ptp4a2,2,19244
Ptp4a3,4,19245
Ptpa,2,110854
Ptpdc1,3,218232
Ptpmt1,2,66461
Ptpn1,2,19246
Ptpn18,3,19253
Ptpn2,3,19255
Ptpn6,2,15170
Ptpn7,2,320139
Ptprc,2,19264
Ptpre,2,19267
Ptpro,2,19277
Ptprs,3,19280
Ptrh1,3,329384
Ptrh2,2,217057
Pts,2,19286
Pttg1,3,30939
Pttg1ip,2,108705
Puf60,3,67959
Pum1,3,80912
Pum3,2,52874
Pus1,3,56361
Pus3,3,67049
Pvalb,2,19293
Pvr,3,52118
Pvt1,6,19296
Pwwp2b,2,101631
Pwwp3a,3,68114
Pwwp3b,3,245631
Pxdc1,3,66895
Pxk,2,218699
Pxmp4,2,59038
Pycr1,2,209027
Pycr2,2,69051
Pygl,2,110095
Pym1,5,78428
Pyroxd2,2,74580
Qars1,2,97541
Qdpr,3,110391
Qki,3,19317
Qpct,2,70536
Qrich1,2,69232
Qrsl1,2,76563
Qsox1,2,104009
R3hcc1,2,71843
R3hdm1,3,226412
R74862,6,97423
Rab10os,16,74173
Rab11a,3,53869
Rab11b,3,19326
Rab11bos1,3,115488819
Rab11fip1,2,75767
Rab11fip5,2,52055
Rab13,3,68328
Rab18,2,19330
Rab21,2,216344
Rab22a,2,19334
Rab23,2,19335
Rab24,2,19336
Rab27b,2,80718
Rab28,3,100972
Rab2b,4,76338
Rab30,4,75985
Rab34,2,19376
Rab36,3,76877
Rab3a,3,19339
Rab3b,3,69908
Rab3d,2,19340
Rab3gap2,2,98732
Rab3il1,5,74760
Rab40c,2,224624
Rab43,2,69834
Rab4b,2,19342
Rab5b,3,19344
Rab5c,2,19345
Rab6a,2,19346
Rab7,2,19349
Rab7b,2,226421
Rabac1,4,14470
Rabep1,3,54189
Rabep2,3,70314
Rabepk,2,227746
Rabgap1,3,227800
Rabggta,4,56187
Rabggtb,3,19352
Rabif,2,98710
Rabl3,2,67657
Rac1,2,19353
Racgap1,2,26934
Rack1,2,14694
Rad17,3,19356
Rad23b,2,19359
Rad51ap1,2,19362
Rad51b,4,19363
Rad51c,2,114714
Rad51d,2,19364
Rad54b,2,623474
Rad54l,2,19366
Rad9a,2,19367
Rad9b,2,231724
Radil,2,231858
Rae1,2,66679
Raet1e,2,379043
Raf1,2,110157
Rai1,2,19377
Rai14,4,75646
Rai2,2,24004
Ralb,3,64143
Ralbp1,2,19765
Ralgds,2,19730
Raly,4,19383
Ramp1,2,51801
Ramp2,4,54409
Ramp3,2,56089
Ran,2,19384
Ranbp1,2,19385
Ranbp3,2,71810
Rangap1,2,19387
Rangrf,3,57785
Rap1gap,3,110351
Rap1gds1,4,229877
Rapgef4,3,56508
Rapsn,4,19400
Rara,3,19401
Rarg,2,19411
Rarres2,5,71660
Rasa4,4,54153
Rasal3,2,320484
Rasgef1c,2,74563
Rasgrp2,5,19395
Rasgrp3,2,240168
Rasgrp4,2,233046
Rasl11b,2,68939
Rasl12,3,70784
Rassf1,3,56289
Rassf4,2,213391
Rassf5,2,54354
Rassf7,2,66985
Rassf8,2,71323
Rbbp4,2,19646
Rbbp5,2,213464
Rbbp6,2,19647
Rbbp7,2,245688
Rbck1,2,24105
Rbfox2,4,93686
Rbis,3,69126
Rbks,4,71336
Rbl1,2,19650
Rbm10,3,236732
Rbm12,2,75710
Rbm12b1,2,72397
Rbm14,2,56275
Rbm17,2,76938
Rbm18,2,67889
Rbm19,2,74111
Rbm27,2,225432
Rbm3,6,19652
Rbm33,4,381626
Rbm34,2,52202
Rbm38,2,56190
Rbm39,9,170791
Rbm4,2,19653
Rbm42,2,68035
Rbm43,2,71684
Rbm4b,3,66704
Rbm5,4,83486
Rbm6,4,19654
Rbm7,2,67010
Rbm8a,4,60365
Rbms1,2,56878
Rbms2,2,56516
Rbms3,3,207181
Rbmx,4,19655
Rbmxl1,2,19656
Rbp4,2,19662
Rbpj,3,19664
Rbpms,3,19663
Rbx1,2,56438
Rcan2,2,53901
Rcbtb1,2,71330
Rcbtb2,7,105670
Rcc1,3,100088
Rcc1l,2,94254
Rce1,4,19671
Rchy1,3,68098
Rcl1,2,59028
Rcn2,2,26611
Rcn3,2,52377
Rcor3,3,214742
Rcsd1,2,226594
Rdh12,2,77974
Rdx,2,19684
Recql,2,19691
Recql5,2,170472
Reep3,2,28193
Reep5,2,13476
Relb,2,19698
Relch,2,227446
Renbp,4,19703
Reno1,4,100042332
Repin1,3,58887
Reps1,2,19707
Rer1,2,67830
Retn,2,57264
Retreg1,2,66270
Retreg2,4,227298
Retreg3,2,67998
Rex1bd,5,66462
Rexo2,2,104444
Rexo4,2,227656
Rexo5,1,434234
Rfc1,3,19687
Rfc2,2,19718
Rfc3,2,69263
Rfc4,2,106344
Rfc5,2,72151
Rfesd,3,218341
Rffl,2,67338
Rfng,2,19719
Rft1,4,328370
Rfx5,2,53970
Rfxank,2,19727
Rgl1,3,19731
Rgl2,2,19732
Rgma,2,244058
Rgmb,2,68799
Rgp1,2,242406
Rgs19,3,56470
Rgs3,5,50780
Rhbdd1,2,76867
Rhbdd2,3,215160
Rhbdd3,4,279766
Rhbdf1,2,13650
Rhd,1,19746
Rhebl1,3,69159
Rhno1,4,72440
Rhobtb1,2,69288
Rhobtb3,2,73296
Rhoc,2,11853
Rhod,2,11854
Rhog,2,56212
Rhot1,5,59040
Rian,4,75745
Ric1,2,226089
Ric3,2,320360
Ric8b,2,237422
Rictor,3,78757
Rigi,3,230073
Rilp,2,280408
Rin3,2,217835
Ring1,2,19763
Rint1,5,72772
Riok1,2,71340
Riok3,4,66878
Riox2,2,67014
Ripk3,2,56532
Rit1,2,19769
Rita1,2,100764
Rlig1,2,68281
Rlim,2,19820
Rmc1,3,76482
Rmdn1,2,66302
Rmdn2,2,381110
Rmi1,2,74386
Rmnd1,3,66084
Rnase4,2,58809
Rnaseh2a,3,69724
Rnaseh2c,3,68209
Rnasek,3,52898
Rnd2,2,11858
Rnf10,2,50849
Rnf111,3,93836
Rnf114,2,81018
Rnf121,2,75212
Rnf13,5,24017
Rnf130,4,59044
Rnf135,2,71956
Rnf138,3,56515
Rnf14,5,56736
Rnf141,4,67150
Rnf144a,2,108089
Rnf144b,2,218215
Rnf146,3,68031
Rnf167,6,70510
Rnf170,2,77733
Rnf181,4,66510
Rnf185,2,193670
Rnf19a,2,30945
Rnf20,2,109331
Rnf214,2,235315
Rnf25,2,57751
Rnf31,2,268749
Rnf34,2,80751
Rnf4,3,19822
Rnf41,3,67588
Rnf44,3,105239
Rnf6,3,74132
Rnf7,2,19823
Rngtt,2,24018
Rnh1,3,107702
Rnmt,2,67897
Rnpc3,2,67225
Rnpep,2,215615
Rnps1,5,19826
Robo4,3,74144
Rogdi,2,66049
Romo1,3,67067
Rora,2,19883
Rp2,3,19889
Rp9,2,55934
Rpa1,2,68275
Rpa2,2,19891
Rpain,4,69723
Rpap2,3,231571
Rpe,2,66646
Rpf1,2,70285
Rpf2,2,67239
Rpgr,2,19893
Rpgrip1l,2,244585
Rpl10,3,110954
Rpl10a,9,19896
Rpl11,5,67025
Rpl12,3,269261
Rpl13,2,270106
Rpl13a,7,22121
Rpl14,3,67115
Rpl15,4,66480
Rpl17,3,319195
Rpl18,5,19899
Rpl18a,7,76808
Rpl19,2,19921
Rpl21,3,19933
Rpl22,3,19934
Rpl22l1,4,68028
Rpl23,3,65019
Rpl23a,2,268449
Rpl24,2,68193
Rpl26,3,19941
Rpl27,2,19942
Rpl27a,2,26451
Rpl28,4,19943
Rpl29,3,19944
Rpl3,3,27367
Rpl30,4,19946
Rpl31,4,114641
Rpl32,2,19951
Rpl34,5,68436
Rpl35,2,66489
Rpl35a,7,57808
Rpl36a,3,19982
Rpl36al,3,66483
Rpl37,4,67281
Rpl37a,2,19981
Rpl38,4,67671
Rpl41,5,67945
Rpl5,4,100503670
Rpl6,3,19988
Rpl7a,3,27176
Rpl7l1,2,66229
Rpl8,2,26961
Rpl9,6,20005
Rplp0,2,11837
Rplp2,4,67186
Rpn2,2,20014
Rpp21,3,67676
Rpp40,2,208366
Rprd1a,3,225283
Rprd2,2,75137
Rps10,4,67097
Rps11,2,27207
Rps12,5,20042
Rps13,6,68052
Rps14,4,20044
Rps15,2,20054
Rps15a,2,267019
Rps16,3,20055
Rps17,4,20068
Rps18,7,20084
Rps19,5,20085
Rps19bp1,2,66538
Rps2,3,16898
Rps20,3,67427
Rps21,2,66481
Rps23,3,66475
Rps24,7,20088
Rps25,4,75617
Rps26,2,27370
Rps27,6,57294
Rps27a,4,78294
Rps27l,2,67941
Rps28,5,54127
Rps3,4,27050
Rps5,4,20103
Rps6,3,20104
Rps6ka1,2,20111
Rps6kb1,2,72508
Rps6kb2,4,58988
Rps7,3,20115
Rps8,3,20116
Rps9,4,76846
Rpsa,3,16785
Rpusd1,4,106707
Rpusd3,2,101122
Rpusd4,3,71989
Rragc,2,54170
Rrbp1,3,81910
Rrp1,2,18114
Rrp15,2,67223
Rrp8,2,101867
Rrp9,2,27966
Rsbn1,2,229675
Rsl1,2,380855
Rsl24d1,2,225215
Rsph1,3,22092
Rsph3a,3,66832
Rsph3b,2,100037282
Rsph9,2,75564
Rspry1,3,67610
Rsrc1,5,66880
Rsrc2,3,208606
Rsrp1,3,27981
Rsu1,4,20163
Rtel1,4,269400
Rtf2,2,66404
Rtkn,3,20166
Rtkn2,2,170799
Rtl8c,1,72865
Rtn1,2,104001
Rtn2,2,20167
Rtn3,2,20168
Rtn4,5,68585
Rtp4,4,67775
Rttn,2,246102
Rubcn,3,100502698
Rufy3,4,52822
Rundc3a,2,51799
Runx1,2,12394
Runx1t1,2,12395
Runx2,2,12393
Runx2os1,2,100038355
Rusc1,3,72296
Rusf1,2,233913
Rwdd2a,2,69519
Rwdd3,3,66568
Rwdd4a,2,192174
Rxrb,3,20182
Rxrg,2,20183
Ryk,3,20187
S100a1,2,20193
S100a13,3,20196
S100a16,3,67860
S100a6,2,20200
S100a9,2,20202
S100pbp,2,74648
S2bpcox16,3,105940408
Saa1,3,20208
Saa2,2,20209
Sae1,2,56459
Safb,4,224903
Samd10,2,229011
Samd8,3,67630
Samhd1,2,56045
Sap18,4,20220
Sapcd2,2,72080
Saraf,2,67887
Sarnp,3,66118
Sars1,4,20226
Sart1,2,20227
Sash1,2,70097
Sass6,2,72776
Sat1,3,20229
Sat2,3,69215
Saxo2,3,330577
Sbf1,2,77980
Sbno2,4,216161
Sbsn,2,282619
Sc5d,2,235293
Scaf11,2,72193
Scaf8,2,106583
Scamp3,3,24045
Scap,2,235623
Scaper,2,244891
Scarb1,3,20778
Scarf2,2,224024
Scarletltr,2,76814
Scart1,2,244233
Scd2,3,20250
Scfd1,2,76983
Scfd2,5,212986
Scg3,2,20255
Schip1,4,30953
Sclt1,2,67161
Scly,2,50880
Scmh1,2,29871
Scml4,2,268297
Scn3b,2,235281
Scnm1,5,69269
Sco2,2,100126824
Scoc,2,56367
Scp2,2,20280
Scrn3,2,74616
Scube1,2,64706
Scyl1,3,78891
Sdad1,2,231452
Sdc3,2,20970
Sdccag8,2,76816
Sdf2,2,20316
Sdf4,4,20318
Sdhaf2,5,66072
Sdhc,2,66052
Sdr39u1,2,654795
Sec11c,5,66286
Sec14l1,4,74136
Sec16b,2,89867
Sec22b,3,20333
Sec22c,2,215474
Sec23b,2,27054
Sec24a,3,77371
Sec31a,4,69162
Sec61b,2,66212
Sec61g,3,20335
Sec62,3,69276
Secisbp2,2,75420
Secisbp2l,2,70354
Seh1l,2,72124
Sel1l,5,20338
Selenbp1,2,20341
Selenof,2,93684
Selenoh,3,72657
Selenok,2,80795
Selenom,2,114679
Selenop,2,20363
Selenos,2,109815
Selplg,2,20345
Sema3b,4,20347
Sema4a,4,20351
Sema4b,2,20352
Sema4c,3,20353
Sema4d,2,20354
Sema6b,2,20359
Sema6d,2,214968
Senp1,2,223870
Senp3,3,80886
Senp5,2,320213
Senp7,4,66315
Senp8,4,71599
Sephs1,2,109079
Septin1,3,54204
Septin10,3,103080
Septin11,4,52398
Septin3,2,24050
Septin4,4,18952
Septin5,2,18951
Septin6,3,56526
Septin7,5,235072
Septin8,4,20362
Septin9,5,53860
Serac1,2,321007
Serbp1,5,66870
Serf2,4,378702
Serhl,2,68607
Serp2,3,72661
Serpinb2,2,18788
Serpinb6a,7,20719
Serpinb6b,2,20708
Serpinb6c,2,97848
Serpine2,2,20720
Serpinf1,2,20317
Serpinh1,4,12406
Sesn1,2,140742
Sestd1,2,228071
Set,4,56086
Setd4,2,224440
Setdb1,3,84505
Sf1,4,22668
Sf3b1,2,81898
Sf3b2,3,319322
Sfi1,2,78887
Sfrp4,3,20379
Sfswap,3,231769
Sft2d1,4,106489
Sfxn3,2,94280
Sfxn4,2,94281
Sgce,5,20392
Sgf29,3,75565
Sgk1,4,20393
Sgk3,5,170755
Sgms1,2,208449
Sgms1os1,3,67188
Sgpl1,2,20397
Sgsm1,2,52850
Sgsm3,2,105835
Sgta,3,52551
Sh2b1,3,20399
Sh2b3,3,16923
Sh2d2a,2,27371
Sh2d3c,2,27387
Sh3bgrl3,2,73723
Sh3bp2,3,24055
Sh3bp5l,2,79566
Sh3d19,3,27059
Sh3d21,2,66938
Sh3gl3,2,20408
Sh3glb1,3,54673
Sh3glb2,5,227700
Sh3kbp1,4,58194
Sharpin,3,106025
Shc4,2,271849
Shcbp1,2,20419
Shfl,2,319278
Shisa4,3,77552
Shisa5,5,66940
Shkbp1,2,192192
Shoc2,2,56392
Shox2,2,20429
Shq1,2,72171
Shroom2,2,110380
Shtn1,2,71653
Siae,2,22619
Siah1b,2,20438
Siglec1,2,20612
Siglecf,3,233186
Siglech,4,233274
Sigmar1,2,18391
Sik2,2,235344
Sik3,2,70661
Sil1,2,81500
Sin3a,4,20466
Sin3b,3,20467
Sinhcaf,2,56306
Sipa1,4,20469
Sipa1l1,3,217692
Sirpa,4,19261
Sirpb1b,4,668101
Sirpb1c,4,100038947
Sirt2,3,64383
Sirt3,2,64384
Sirt4,3,75387
Sirt5,3,68346
Sirt6,3,50721
Sirt7,4,209011
Siva1,3,30954
Ska1,2,66468
Skap1,2,78473
Skap2,2,54353
Skic2,2,108077
Skic8,2,66317
Skil,2,20482
Skp1,4,21402
Sla,2,20491
Slain2,2,75991
Slamf7,6,75345
Slbp,3,20492
Slc10a3,3,214601
Slc11a1,2,18173
Slc11a2,2,18174
Slc12a4,2,20498
Slc12a7,2,20499
Slc14a1,2,108052
Slc15a2,2,57738
Slc15a4,2,100561
Slc16a10,3,72472
Slc16a11,3,216867
Slc16a3,3,80879
Slc16a6,2,104681
Slc19a1,2,20509
Slc19a2,2,116914
Slc1a3,3,20512
Slc1a5,2,20514
Slc20a1,2,20515
Slc22a15,2,242126
Slc22a17,2,59049
Slc22a18,3,18400
Slc22a2,2,20518
Slc22a4,2,30805
Slc25a12,2,78830
Slc25a14,2,20523
Slc25a19,2,67283
Slc25a22,3,68267
Slc25a25,2,227731
Slc25a27,3,74011
Slc25a28,3,246696
Slc25a3,3,18674
Slc25a35,2,71998
Slc25a37,2,67712
Slc25a38,2,208638
Slc25a39,2,68066
Slc25a40,3,319653
Slc25a44,4,229517
Slc25a45,4,107375
Slc25a47,1,104910
Slc25a51,3,230125
Slc25a53,3,67062
Slc26a6,4,171429
Slc27a1,4,26457
Slc28a2,2,269346
Slc29a1,4,63959
Slc2a6,2,227659
Slc30a6,3,210148
Slc30a9,2,109108
Slc31a2,4,20530
Slc35a2,4,22232
Slc35a4,2,67843
Slc35a5,2,74102
Slc35b1,2,110172
Slc35b2,3,73836
Slc35b3,4,108652
Slc35b4,2,58246
Slc35c1,2,228368
Slc35c2,5,228875
Slc35e4,2,103710
Slc36a1os,2,74045
Slc36a2,2,246049
Slc37a3,2,72144
Slc37a4,2,14385
Slc38a1,2,105727
Slc38a10,5,72055
Slc38a6,2,625098
Slc38a7,3,234595
Slc38a9,4,268706
Slc39a11,3,69806
Slc39a13,2,68427
Slc39a14,2,213053
Slc39a2,2,214922
Slc39a3,2,106947
Slc39a7,2,14977
Slc39a8,3,67547
Slc3a2,3,17254
Slc43a1,4,72401
Slc43a2,3,215113
Slc43a3,3,58207
Slc44a1,3,100434
Slc44a2,3,68682
Slc46a3,2,71706
Slc49a3,3,243197
Slc4a1ap,3,20534
Slc50a1,6,19729
Slc52a2,2,52710
Slc52a3,3,69698
Slc5a6,2,330064
Slc66a1,4,212555
Slc66a2,6,66943
Slc66a3,2,217430
Slc6a13,3,14412
Slc6a6,2,21366
Slc6a8,3,102857
Slc7a4,2,224022
Slc7a7,3,20540
Slc8b1,3,170756
Slc9a8,2,77031
Slc9b2,2,97086
Slco1c1,2,58807
Slco3a1,2,108116
Slf2,2,226151
Slfn4,2,20558
Slfn8,2,276950
Slfnlnc,9,100043636
Slirp,3,380773
Sltm,3,66660
Slu7,3,193116
Slx1b,3,75764
Slx9,2,108707
Smad5,2,17129
Smarca1,3,93761
Smarca2,4,67155
Smarca4,2,20586
Smarcad1,3,13990
Smarcal1,3,54380
Smarcb1,2,20587
Smarcc1,2,20588
Smarcc2,3,68094
Smarcd3,2,66993
Smarce1,2,57376
Smc2,2,14211
Smc4,2,70099
Smc5,3,226026
Smc6,2,67241
Smco3,2,654818
Smcr8,2,237782
Smdt1,3,69029
Smg7,2,226517
Smg9,2,71997
Smim1,6,68859
Smim10l1,2,381820
Smim14,2,68552
Smim15,3,75616
Smim20,4,66278
Smim24,2,72273
Smim29,7,106672
Smim30,4,66520
Smim36,1,121811722
Smim41,2,77717
Smim7,2,66818
Smim8,5,66291
Smoc1,2,64075
Smoc2,3,64074
Smox,9,228608
Smpd2,2,20598
Smpd4,3,77626
Sms,3,20603
Smtn,5,29856
Smug1,2,71726
Smurf1,2,75788
Smyd3,3,69726
Smyd4,2,319822
Snap23,2,20619
Snap47,2,67826
Snapc2,2,102209
Snapc3,6,77634
Snapc4,2,227644
Snapin,3,20615
Snca,3,20617
Snd1,2,56463
Snf8,3,27681
Snhg1,4,83673
Snhg10,2,69434
Snhg11,4,319317
Snhg12,3,100039864
Snhg15,7,100041286
Snhg16,6,66293
Snhg17,5,68108
Snhg18,3,100616095
Snhg20,7,76972
Snhg3,4,399101
Snhg4,2,100503380
Snhg5,13,72655
Snhg6,5,73824
Snhg7,5,72091
Snhg8,4,69895
Snhg9,2,73474
Snord104,1,100216537
Snrk,2,20623
Snrnp27,2,66618
Snrnp35,2,76167
Snrnp48,2,67797
Snrnp70,3,20637
Snrpa,3,53607
Snrpa1,3,68981
Snrpc,4,20630
Snrpd1,2,20641
Snrpd3,2,67332
Snrpe,3,20643
Snrpg,3,68011
Snta1,2,20648
Sntg2,2,268534
Snw1,2,66354
Snx10,2,71982
Snx11,2,74479
Snx12,3,55988
Snx13,2,217463
Snx14,2,244962
Snx16,3,74718
Snx17,2,266781
Snx21,2,101113
Snx24,2,69226
Snx27,2,76742
Snx3,2,54198
Snx32,4,225861
Snx4,2,69150
Snx5,2,69178
Snx6,3,72183
Snx7,2,76561
Snx8,2,231834
Soat1,2,20652
Socs2,5,216233
Socs6,3,54607
Son,2,20658
Sorbs1,1,20411
Sorcs2,2,81840
Sort1,2,20661
Sox2ot,8,320478
Sox8,2,20681
Sp1,2,20683
Sp100,5,20684
Sp110,2,109032
Sp140,2,434484
Sp140l2,2,620078
Sp2,2,78912
Sp3,2,20687
Sp3os,6,100503849
Spaca6,2,75202
Sparc,3,20692
Spart,3,229285
Spast,2,50850
Spata13,2,219140
Spata24,3,71242
Spata2l,2,78779
Spata33,6,320869
Spata6,3,67946
Spata7,3,104871
Spats1,2,71020
Spc24,3,67629
Spc25,2,66442
Spcs1,2,69019
Spcs2,3,66624
Specc1,4,432572
Spg11,2,214585
Spg7,4,234847
Sphk1,4,20698
Sphk2,3,56632
Spi1,2,20375
Spice1,2,212514
Spindoc,2,68229
Spint1,2,20732
Spint2,2,20733
Spns1,3,73658
Spock3,2,72902
Spon2,3,100689
Spop,2,20747
Spout1,4,227695
Spp1,3,20750
Sppl3,2,74585
Spr,2,20751
Spry1,2,24063
Spryd7,2,66674
Spsb2,3,14794
Spsb3,4,79043
Sptbn1,4,20742
Sqle,2,20775
Sqstm1,2,18412
Sra1,3,24068
Srebf2,2,20788
Srgap2,3,14270
Srgn,2,19073
Sri,2,109552
Srp14,2,20813
Srp19,5,66384
Srp54a,2,24067
Srp9,2,27058
Srpk1,5,20815
Srpk2,2,20817
Srprb,2,20818
Srpx,3,51795
Srpx2,2,68792
Srr,4,27364
Srrd,4,70118
Srrm1,2,51796
Srrm2,2,75956
Srrt,2,83701
Srsf1,2,110809
Srsf10,4,14105
Srsf11,4,69207
Srsf2,3,20382
Srsf3,4,20383
Srsf5,6,20384
Srsf6,2,67996
Srsf7,7,225027
Ss18,4,268996
Ss18l2,4,26901
Ssb,3,20823
Ssbp1,4,381760
Ssbp2,2,66970
Ssbp3,2,72475
Ssbp4,3,76900
Ssh2,2,237860
Ssna1,3,68475
Sspn,2,16651
Ssr2,3,66256
Ssr3,2,67437
Ssr4,4,20832
Ssrp1,2,20833
Ssu72,3,68991
Ssx2ip,2,99167
St3gal1,2,20442
St3gal3,3,20441
St3gal5,2,20454
St6gal1,3,20440
St6galnac6,4,50935
St7,4,64213
St7l,3,229681
St8sia4,2,20452
St8sia5,3,225742
Stab1,4,192187
Stag1,2,20842
Stag2,2,20843
Stambp,2,70527
Stambpl1,2,76630
Stap1,3,56792
Stap2,2,106766
Stard10,2,56018
Stard13,2,243362
Stard3,2,59045
Stard3nl,5,76205
Stard4,2,170459
Stard5,2,170460
Stard6,2,170461
Stard7,2,99138
Stard9,2,668880
Stat1,4,20846
Stat3,2,20848
Stat4,2,20849
Stat5a,3,20850
Stat5b,2,20851
Stau1,3,20853
Stau2,4,29819
Stbd1,3,52331
Steap2,4,74051
Steap3,4,68428
Sting1,2,72512
Stk11,2,20869
Stk11ip,2,71728
Stk16,8,20872
Stk19,3,54402
Stk25,2,59041
Stk35,2,67333
Stk36,2,269209
Stk38,3,106504
Stk38l,2,232533
Stmn1,2,16765
Stmn4,3,56471
Stmp1,3,67705
Stn1,4,108689
Stoml1,2,69106
Ston2,1,108800
Stra6,3,20897
Stradb,2,227154
Strbp,2,20744
Strn4,2,97387
Stt3a,2,16430
Stub1,6,56424
Stx11,2,74732
Stx18,3,71116
Stx1a,2,20907
Stx2,4,13852
Stx4a,3,20909
Stx5a,5,56389
Stx6,2,58244
Stx7,3,53331
Stx8,5,55943
Stxbp1,2,20910
Stxbp2,2,20911
Stxbp3,2,20912
Stxbp4,2,20913
Stxbp6,2,217517
Styx,2,56291
Styxl1,1,76571
Sucla2,3,20916
Suds3,2,71954
Sufu,4,24069
Sugct,2,192136
Sugp2,4,234373
Sulf1,3,240725
Sulf2,3,72043
Sult1a1,2,20887
Sult5a1,3,57429
Sumf2,2,67902
Sumo2,4,170930
Sumo3,4,20610
Sun1,4,77053
Supt3,2,109115
Supt4a,3,20922
Supt5,3,20924
Surf1,4,20930
Surf2,2,20931
Susd2,2,71733
Susd3,2,66329
Suv39h1,3,20937
Suv39h2,2,64707
Sv2b,2,64176
Svbp,3,69216
Swi5,4,72931
Syce2,2,71846
Syde1,2,71709
Syk,2,20963
Sympk,2,68188
Syncrip,5,56403
Syne2,2,319565
Syngr1,2,20972
Syngr2,2,20973
Synj2bp,3,24071
Synpo,3,104027
Sypl1,2,19027
Sys1,4,66460
Sytl2,2,83671
Sytl3,2,83672
Sytl4,2,27359
Szrd1,2,213491
Tacc3,4,21335
Taco1os,2,115487809
Taf10,2,24075
Taf11,3,68776
Taf15,2,70439
Taf1b,3,21340
Taf1d,8,75316
Taf5l,2,102162
Taf6,5,21343
Taf6l,2,225895
Taf8,3,63856
Tafa5,2,106014
Tafazzin,3,66826
Taldo1,2,21351
Tango2,2,27883
Tank,5,21353
Taok2,2,381921
Taok3,3,330177
Tap1,2,21354
Tap2,2,21355
Tapbp,2,21356
Tarbp2,2,21357
Tardbp,7,230908
Tars2,2,71807
Tasp1,2,75812
Tatdn1,5,69694
Tatdn3,4,68972
Tbc1d10a,2,103724
Tbc1d10c,3,108995
Tbc1d14,3,100855
Tbc1d17,4,233204
Tbc1d19,2,67249
Tbc1d2,2,381605
Tbc1d20,2,67231
Tbc1d23,2,67581
Tbc1d25,2,209815
Tbc1d2b,2,67016
Tbc1d31,2,210544
Tbc1d32,2,544696
Tbc1d4,2,210789
Tbc1d7,3,67046
Tbc1d9b,2,76795
Tbca,2,21371
Tbcb,2,66411
Tbccd1,4,70573
Tbce,4,70430
Tbk1,2,56480
Tbl1xr1,3,81004
Tbp,3,21374
Tbpl1,2,237336
Tbrg1,2,21376
Tbrg4,2,21379
Tbxa2r,2,21390
Tbxas1,2,21391
Tcaf1,4,77574
Tcaim,2,382117
Tcea1,2,21399
Tceal3,2,594844
Tceal8,2,66684
Tceal9,2,22381
Tcerg1,2,56070
Tcf12,3,21406
Tcf19,2,106795
Tcf25,5,66855
Tcf3,2,21423
Tcf4,6,21413
Tcirg1,3,27060
Tcn2,4,21452
Tcof1,2,21453
Tcp1,4,21454
Tcp11l1,2,320554
Tcp11l2,2,216198
Tcta,2,102791
Tctn2,2,67978
Tctn3,4,67590
Tdg,2,21665
Tdp2,2,56196
Tdrd3,3,219249
Tdrd7,2,100121
Tdrkh,4,72634
Tead2,2,21677
Tead3,2,21678
Tead4,2,21679
Tec,4,21682
Tecr,7,106529
Tedc2,3,72016
Tef,5,21685
Tefm,3,68550
Tek,2,21687
Telo2,2,71718
Ten1,2,69535
Tent2,2,100715
Tent5a,2,212943
Tepsin,2,78777
Terf1,2,21749
Terf2,2,21750
Terf2ip,2,57321
Tesc,2,57816
Tet2,2,214133
Tex264,3,21767
Tex30,4,75623
Tex9,4,21778
Tfb2m,2,15278
Tfdp1,3,21781
Tfdp2,4,211586
Tfe3,5,209446
Tfpi,5,21788
Tfpt,2,69714
Tgds,3,76355
Tgfa,2,21802
Tgfb1i1,3,21804
Tgfb2,2,21808
Tgfbi,2,21810
Tgfbr3,2,21814
Tgfbrap1,2,73122
Tgif1,4,21815
Tgif2,2,228839
Tha1,3,71776
Thap2,2,66816
Thap3,2,69876
Thap4,2,67026
Thap6,2,381650
Thap7,2,69009
Thbs3,3,21827
Thg1l,2,66628
Thnsl1,2,208967
Thnsl2,2,232078
Thoc1,2,225160
Thoc6,4,386612
Thoc7,5,66231
Thrap3,2,230753
Thsd1,2,56229
Thsd4,2,207596
Thumpd3,2,14911
Thyn1,4,77862
Tia1,3,21841
Tial1,5,21843
Ticam2,2,225471
Tifa,2,211550
Tifab,2,212937
Tigd3,2,332359
Timeless,2,21853
Timm10b,7,14356
Timm13,2,30055
Timm17b,2,21855
Timm21,5,67105
Timm44,2,21856
Timm9,5,30056
Timmdc1,2,76916
Timp1,2,21857
Tinf2,2,28113
Tipin,2,66131
Tirap,2,117149
Tjap1,4,74094
Tjp2,2,21873
Tk2,3,57813
Tlcd1,3,68385
Tlcd2,2,380712
Tlcd5,2,235300
Tle1,2,21885
Tle2,2,21886
Tlk2,2,24086
Tll1,2,21892
Tln1,2,21894
Tlr1,2,21897
Tlr6,2,21899
Tlr7,3,170743
Tm2d3,4,68634
Tm4sf1,2,17112
Tm6sf1,3,107769
Tm7sf2,4,73166
Tm9sf1,4,74140
Tm9sf3,2,107358
Tm9sf4,2,99237
Tma16,2,66282
Tma7,2,66167
Tmbim1,2,69660
Tmbim4,5,68212
Tmbim6,2,110213
Tmcc1,2,330401
Tmco1,2,68944
Tmco4,2,77056
Tmco6,2,71983
Tmed1,3,17083
Tmed10,2,68581
Tmed5,3,73130
Tmed7,2,66676
Tmem104,2,320534
Tmem106a,2,217203
Tmem106c,2,380967
Tmem107,2,66910
Tmem11,2,216821
Tmem121,2,69195
Tmem123,2,71929
Tmem126a,3,66271
Tmem128,3,66309
Tmem129,3,68366
Tmem134,7,66990
Tmem138,6,72982
Tmem141,2,51875
Tmem143,2,70209
Tmem147,6,69804
Tmem147os,5,791088
Tmem14a,2,75712
Tmem160,2,69094
Tmem161a,3,234371
Tmem161b,3,72745
Tmem164,4,209497
Tmem167,2,66074
Tmem167b,2,67495
Tmem168,2,101118
Tmem175,3,72392
Tmem176a,4,66058
Tmem176b,3,65963
Tmem179b,4,67706
Tmem183a,2,57439
Tmem184c,2,234463
Tmem185b,1,226351
Tmem19,4,67226
Tmem191,2,224019
Tmem192,2,73067
Tmem201,2,230917
Tmem204,3,407831
Tmem205,2,235043
Tmem208,4,66320
Tmem209,3,72649
Tmem214,2,68796
Tmem216,5,68642
Tmem218,2,66279
Tmem219,4,68742
Tmem229b,2,268567
Tmem230,4,70612
Tmem234,6,76799
Tmem237,3,381259
Tmem240,2,381582
Tmem241,3,338363
Tmem242,3,70544
Tmem243,2,652925
Tmem254,2,66039
Tmem255a,2,245386
Tmem255b,2,272465
Tmem256,4,69186
Tmem258,4,69038
Tmem260,3,218989
Tmem276,5,125480935
Tmem30a,2,NA
Tmem33,5,67878
Tmem38a,2,74166
Tmem39a,4,67846
Tmem39b,2,230770
Tmem40,3,94346
Tmem41a,2,66664
Tmem41b,3,233724
Tmem44,3,224090
Tmem47,2,192216
Tmem51,2,214359
Tmem53,3,68777
Tmem59,2,56374
Tmem62,2,96957
Tmem80,3,71448
Tmem82,3,213989
Tmem87a,2,211499
Tmem9b,2,56786
Tmigd1,1,66601
Tmod2,4,50876
Tmod3,2,50875
Tmpo,5,21917
Tmprss5,2,80893
Tmsb10,2,19240
Tmsb4x,2,19241
Tmt1a,2,70152
Tmtc4,2,70551
Tmub1,2,64295
Tmub2,3,72053
Tmx2,3,66958
Tmx3,2,67988
Tnfaip1,2,21927
Tnfaip8,3,106869
Tnfrsf11a,2,21934
Tnfrsf12a,2,27279
Tnfrsf18,2,21936
Tnfrsf19,2,29820
Tnfrsf21,2,94185
Tnfrsf22,3,79202
Tnfrsf9,3,21942
Tnfsf13b,2,24099
Tnfsf13os,4,100503827
Tnfsfm13,2,619441
Tnip1,2,57783
Tnip2,2,231130
Tnni1,2,21952
Tnni2,3,21953
Tnnt2,2,21956
Tnnt3,2,21957
Tnpo1,2,238799
Tnpo2,2,212999
Tns2,2,209039
Toe1,2,68276
Tom1l1,2,71943
Tom1l2,3,216810
Tomm22,2,223696
Tomm34,2,67145
Tomm40,2,53333
Tomm5,2,68512
Tomm6,2,66119
Top2a,2,21973
Top3a,2,21975
Top3b,3,21976
Tor1a,2,30931
Tor1aip2,6,240832
Tor2a,2,30933
Tpbg,2,21983
Tpcn1,2,252972
Tpcn2,2,233979
Tpd52,3,21985
Tpd52l1,3,21987
Tpd52l2,5,66314
Tpm1,11,22003
Tpm2,2,22004
Tpm3,4,59069
Tpm4,2,326618
Tpmt,2,22017
Tpp1,2,12751
Tpp2,2,22019
Tpr,2,108989
Tprg1l,2,67808
Tprkb,5,69786
Tpsab1,2,100503895
Tpsb2,10,17229
Tpst2,3,22022
Tpt1,4,22070
Tpx2,3,72119
Tra2a,2,101214
Tra2b,3,20462
Trabd,3,67976
Tradd,2,71609
Traf2,2,22030
Traf3ip1,2,74019
Traf3ip2,2,103213
Traf7,5,224619
Trafd1,3,231712
Tram1l1,1,229801
Trappc1,4,245828
Trappc11,2,320714
Trappc12,2,217449
Trappc13,3,66975
Trappc2,2,66226
Trappc2l,2,59005
Trappc4,3,60409
Trappc5,2,66682
Trappc6a,4,67091
Trappc6b,3,78232
Trdmt1,2,13434
Trem2,3,83433
Trem4,2,170697
Trem4,2,328830
Treml2,2,328833
Trex1,2,22040
Trf,2,22041
Trim11,3,94091
Trim12a,4,76681
Trim12c,2,319236
Trim13,2,66597
Trim14,2,74735
Trim16,2,94092
Trim2,4,80890
Trim21,2,20821
Trim24,2,21848
Trim26,4,22670
Trim27,2,19720
Trim3,3,55992
Trim32,2,69807
Trim34a,2,94094
Trim35,2,66854
Trim39,2,79263
Trim46,3,360213
Trim47,3,217333
Trim65,2,338364
Trim68,2,101700
Triobp,2,110253
Trip10,2,106628
Trip11,2,109181
Trip13,2,69716
Trip4,5,56404
Trit1,2,66966
Trmo,2,74753
Trmt1,5,212528
Trmt10a,3,108943
Trmt11,2,73681
Trmt112,3,67674
Trmt13,3,229780
Trmt1l,3,98685
Trmt2a,7,15547
Trmt2b,2,215201
Trmt6,2,66926
Trmt61b,3,NA
Trmu,2,72026
Trnau1ap,3,71787
Trnp1,2,69539
Trnt1,2,70047
Troap,3,78733
Trp53,2,22059
Trp53cor1,2,100504267
Trp53i11,2,277414
Trp53i13,3,216964
Trp53inp1,2,60599
Trpc4ap,3,56407
Trpm2,2,28240
Trpm4,3,68667
Trpt1,2,107328
Trpv4,2,63873
Trub1,2,72133
Trub2,2,227682
Tsacc,2,76927
Tsc1,2,64930
Tsc2,4,22084
Tsc22d1,2,21807
Tsc22d2,2,72033
Tsc22d3,2,14605
Tsen2,2,381802
Tsen34,4,66078
Tsfm,2,66399
Tsga10,2,211484
Tshz2,2,228911
Tsku,4,244152
Tsnax,2,53424
Tspan14,2,52588
Tspan17,5,74257
Tspan18,2,241556
Tspan32,5,27027
Tspan4,2,64540
Tspan5,4,56224
Tspan8,2,216350
Tspyl1,2,22110
Tspyl2,2,52808
Tsr2,3,69499
Tsr3,9,68327
Tssc4,3,56844
Tstd2,3,272027
Ttc1,2,66827
Ttc13,4,234875
Ttc14,3,67120
Ttc17,2,74569
Ttc19,2,72795
Ttc23,2,67009
Ttc28,2,209683
Ttc33,3,67515
Ttc39b,3,69863
Ttc5,2,219022
Ttc7,2,225049
Ttc8,2,76260
Ttc9,2,69480
Ttc9c,2,70387
Tti1,2,75425
Tti2,3,234138
Ttk,2,22137
Ttl,2,69737
Ttll4,2,67534
Ttpal,3,76080
Ttyh1,2,57776
Tubd1,3,56427
Tubgcp2,4,74237
Tubgcp3,2,259279
Tubgcp4,3,51885
Tubgcp5,2,233276
Tubgcp6,2,328580
Tufm,2,233870
Tulp3,2,22158
Tulp4,4,68842
Tusc3,2,80286
Tut1,2,70044
Tut4,2,230594
Tut7,2,214290
Tvp23bos,3,102640449
Twnk,2,226153
Twsg1,2,65960
Txlna,3,109658
Txlng,2,353170
Txn2,5,56551
Txndc11,3,106200
Txndc16,4,70561
Txndc5,3,105245
Txndc9,3,98258
Txnip,2,56338
Txnl1,2,53382
Txnl4a,2,27366
Txnrd1,3,50493
Txnrd2,5,26462
Tyk2,2,54721
Tyrobp,3,22177
Tyrp1,2,22178
Tyw1,2,100929
Tyw3,2,209584
Tyw5,3,68736
U2af1,3,108121
U2af1l4,5,233073
U2af2,2,22185
U2surp,2,67958
Uap1,3,107652
Uba1,2,22201
Uba2,2,50995
Uba3,3,22200
Uba52,5,22186
Uba7,4,74153
Ubap1,3,67123
Ubap2l,6,74383
Ubb-ps,2,218963
Ubc,2,22190
Ube2a,3,22209
Ube2b,2,22210
Ube2d-ps,19,76508
Ube2d3,6,66105
Ube2e2,2,218793
Ube2f,4,67921
Ube2g1,2,67128
Ube2i,19,22196
Ube2j1,2,56228
Ube2j2,5,140499
Ube2k,5,53323
Ube2l3,4,22195
Ube2m,3,22192
Ube2n,2,93765
Ube2q2,2,109161
Ube2s,2,77891
Ube2v1,4,66589
Ube2v2,2,70620
Ube3a,2,22215
Ube4a,2,140630
Ubl3,2,24109
Ubl4a,3,27643
Ubl5,6,66177
Ubl7,4,69459
Ubp1,2,22221
Ubqln1,2,56085
Ubr2,3,224826
Ubtf,4,21429
Ubxn1,3,225896
Ubxn7,2,224111
Uchl1,2,22223
Uchl3,3,50933
Uchl5,3,56207
Uckl1,4,68556
Ufc1,2,66155
Ufd1,2,22230
Ufl1,3,67490
Ufm1,2,67890
Ufsp2,2,192169
Uggt1,2,320011
Uggt2,2,66435
Ugp2,2,216558
Ugt8a,2,22239
Uhrf1,3,18140
Uimc1,3,20184
Umad1,4,100036521
Umps,2,22247
Unc119,2,22248
Unc13b,2,22249
Unc13d,2,70450
Unc50,3,67387
Unc93b1,3,54445
Ung,2,22256
Unk,2,217331
Upf3a,2,67031
Upp1,3,22271
Upp2,2,76654
Uqcc2,2,67267
Uqcc4,2,214489
Uqcc5,4,66487
Uqcc6,3,544717
Uqcr10,4,66152
Uqcr11,3,66594
Uqcrh,4,66576
Uqcrq,3,22272
Urah,2,76974
Urgcp,2,72046
Uros,3,22276
Use1,6,67023
Usf1,2,22278
Ushbp1,2,234395
Uso1,3,56041
Usp1,2,230484
Usp10,2,22224
Usp14,3,59025
Usp15,3,14479
Usp16,3,74112
Usp19,2,71472
Usp2,3,53376
Usp21,2,30941
Usp3,2,235441
Usp33,2,170822
Usp4,3,22258
Usp45,3,77593
Usp47,2,74996
Usp48,3,170707
Usp5,2,22225
Usp50,2,75083
Usp53,2,99526
Uspl1,5,231915
Utp11,2,67205
Utp14a,2,72554
Utp23,2,78581
Utp25,2,215193
Utp6,2,216987
Utrn,1,22288
Uxs1,2,67883
Uxt,6,22294
Vac14,2,234729
Vamp1,3,22317
Vamp2,3,22318
Vamp3,2,22319
Vamp4,3,53330
Vamp5,3,53620
Vamp9,1,102639650
Vav1,2,22324
Vbp1,2,22327
Vcam1,2,22329
Vcan,3,13003
Vcf2,3,382245
Vegfa,3,22339
Vegfb,2,22340
Vgll4,3,232334
Vill,2,22351
Vim,2,22352
Vipas39,3,104799
Virma,2,66185
Vit,2,74199
Vkorc1l1,2,69568
Vldlr,4,22359
Vma21,3,67048
Vmac,2,106639
Vmo1,1,327956
Vopp1,2,232023
Vps11,2,71732
Vps13d,1,230895
Vps16,2,80743
Vps18,2,228545
Vps25,5,28084
Vps26a,2,30930
Vps28,4,66914
Vps29,5,56433
Vps33b,2,233405
Vps35l,2,71517
Vps37a,2,52348
Vps39,2,269338
Vps41,2,218035
Vps45,2,22365
Vps50,2,73288
Vps51,2,68505
Vps53,2,68299
Vps8,2,209018
Vps9d1,3,72325
Vrk1,5,22367
Vrk3,2,101568
Vstm2a,2,211739
Vstm2b,2,58188
Vta1,2,66201
Vti1a,3,53611
Vti1b,2,53612
Vwa5a,2,67776
Vwa8,2,219189
Vwf,2,22371
Wac,2,225131
Wars1,3,22375
Wars2,3,70560
Wasf1,2,83767
Wasf2,2,242687
Washc1,2,68767
Washc3,2,67282
Washc5,2,223593
Wbp1,3,22377
Wbp1l,3,226178
Wbp2,2,22378
Wbp4,2,22380
Wdcp,3,238037
Wdfy1,6,69368
Wdhd1,2,218973
Wdr1,2,22388
Wdr12,3,57750
Wdr13,3,73447
Wdr17,3,244484
Wdr19,3,213081
Wdr20,2,69641
Wdr24,2,268933
Wdr33,3,74320
Wdr35,3,74682
Wdr36,3,225348
Wdr37,4,207615
Wdr4,3,57773
Wdr43,2,72515
Wdr44,2,72404
Wdr45,3,54636
Wdr48,2,67561
Wdr53,2,68980
Wdr54,2,75659
Wdr55,2,67936
Wdr59,2,319481
Wdr70,2,545085
Wdr73,4,71968
Wdr74,3,107071
Wdr77,2,70465
Wdr83,4,67836
Wdr83os,3,414077
Wdr95,1,381693
Wdsub1,3,72137
Wfdc3,2,71856
Wipf1,2,215280
Wipi1,2,52639
Wls,3,68151
Wnk1,2,232341
Wnt5b,2,22419
Wsb1,2,78889
Wsb2,2,59043
Wt1,1,22431
Wtap,3,60532
Wwox,3,80707
Wwp2,4,66894
Wwtr1,2,97064
Xab2,3,67439
Xaf1,2,327959
Xbp1,2,22433
Xdh,2,22436
Xiap,2,11798
Xkr5,2,319581
Xlr,3,22441
Xlr3b,2,574437
Xndc1,2,102443350
Xpa,3,22590
Xpnpep1,4,170750
Xpnpep3,2,321003
Xpo4,2,57258
Xrcc1,2,22594
Yae1d1,3,67008
Yaf2,2,67057
Yap1,2,22601
Yars1,2,107271
Yars2,4,70120
Ybx3,2,56449
Ydjc,2,69101
Yes1,2,22612
Yif1a,4,68090
Yif1b,3,77254
Yipf1,2,230584
Yipf2,4,74766
Yipf3,3,28064
Yipf4,2,67864
Yju2,2,72886
Yju2b,2,67736
Ylpm1,2,56531
Ypel1,2,106369
Ypel3,4,66090
Ypel4,2,241525
Ypel5,2,383295
Ythdc1,2,231386
Ythdf2,2,213541
Ythdf3,3,229096
Ywhag,5,22628
Ywhah,2,22629
Ywhaq,4,22630
Ywhaz,3,22631
Zbed5-ps,2,75479
Zbp1,3,58203
Zbtb14,3,22666
Zbtb2,2,381990
Zbtb21,4,114565
Zbtb24,2,268294
Zbtb25,2,109929
Zbtb3,2,75291
Zbtb37,3,240869
Zbtb38,3,245007
Zbtb43,2,71834
Zbtb44,2,235132
Zbtb45,3,232879
Zbtb46,2,72147
Zbtb48,3,100090
Zbtb49,2,75079
Zbtb7b,2,22724
Zbtb8os,2,67106
Zc2hc1a,2,67306
Zc3h11a,3,70579
Zc3h13,2,67302
Zc3h14,3,75553
Zc3h15,2,69082
Zc3h18,2,76014
Zc3h7a,3,106205
Zc3hav1,3,78781
Zc3hc1,2,232679
Zcchc18,2,66995
Zcchc4,3,78796
Zcchc7,3,319885
Zcchc9,4,69085
Zcrb1,3,67197
Zdhhc12,2,66220
Zdhhc2,2,70546
Zdhhc24,3,70605
Zdhhc3,3,69035
Zdhhc4,2,72881
Zdhhc6,2,66980
Zdhhc9,3,208884
Zeb1os1,2,791318
Zeb2,4,24136
Zeb2os,2,433424
Zfand1,2,66361
Zfand2a,2,100494
Zfand2b,3,68818
Zfand3,4,21769
Zfand6,3,65098
Zfas1,11,68949
Zfhx2os,3,432855
Zfp1,2,22640
Zfp1003,2,665205
Zfp1009,2,100503353
Zfp106,2,20402
Zfp113,2,56314
Zfp12,3,231866
Zfp120,3,104348
Zfp131,5,72465
Zfp133-ps,5,668917
Zfp14,2,243906
Zfp143,2,20841
Zfp157,3,72154
Zfp160,2,224585
Zfp182,3,319535
Zfp189,2,230162
Zfp2,3,22678
Zfp202,3,80902
Zfp207,4,22680
Zfp219,4,69890
Zfp235,3,56525
Zfp24,2,59057
Zfp260,4,26466
Zfp263,2,74120
Zfp27,2,22689
Zfp273,2,212569
Zfp275,2,27081
Zfp276,2,57247
Zfp277,2,246196
Zfp280c,2,208968
Zfp280d,3,235469
Zfp281,2,226442
Zfp286,3,192651
Zfp30,2,22693
Zfp322a,3,218100
Zfp324,3,243834
Zfp326,3,54367
Zfp329,2,67230
Zfp335os,2,629777
Zfp33b,3,69623
Zfp354a,2,21408
Zfp354b,2,27274
Zfp354c,2,30944
Zfp36,2,22695
Zfp383,2,73729
Zfp384,3,269800
Zfp385a,3,29813
Zfp386,3,56220
Zfp398,2,272347
Zfp408,2,381410
Zfp41,2,22701
Zfp410,5,52708
Zfp414,3,328801
Zfp420,3,233058
Zfp426,2,235028
Zfp428,2,232969
Zfp438,2,240186
Zfp444,2,72667
Zfp446,2,269870
Zfp451,2,98403
Zfp455,2,218311
Zfp458,1,238690
Zfp467,6,68910
Zfp511,3,69752
Zfp518b,2,100515
Zfp521,3,225207
Zfp524,3,66056
Zfp54,2,22712
Zfp553,2,233887
Zfp560,2,434377
Zfp563,2,240068
Zfp57,2,22715
Zfp574,2,232976
Zfp579,3,68490
Zfp58,2,238693
Zfp595,2,218314
Zfp597,2,71063
Zfp598,2,213753
Zfp606,3,67370
Zfp617,3,170938
Zfp62,2,22720
Zfp637,4,232337
Zfp638,3,18139
Zfp639,2,67778
Zfp64,3,22722
Zfp644,5,52397
Zfp652os,3,432396
Zfp653,2,319601
Zfp655,4,72611
Zfp661,3,72180
Zfp667,2,384763
Zfp672,4,319475
Zfp68,3,24135
Zfp688,6,69234
Zfp691,2,195522
Zfp692,2,103836
Zfp7,2,223669
Zfp706,2,68036
Zfp707,4,69020
Zfp710,2,209225
Zfp715,2,69930
Zfp738,3,408068
Zfp748,2,212276
Zfp758,3,224598
Zfp764,2,233893
Zfp764l1,2,101604
Zfp768,2,233890
Zfp770,2,228491
Zfp777,2,72306
Zfp78,2,330463
Zfp780b,2,338354
Zfp781a,2,211135
Zfp787,5,67109
Zfp788,5,67607
Zfp790,2,233056
Zfp809,3,235047
Zfp81,2,224694
Zfp821,3,75871
Zfp825,2,235956
Zfp846,2,244721
Zfp862-ps,2,58894
Zfp869,4,66869
Zfp87,2,170763
Zfp873,2,408062
Zfp874a,2,238692
Zfp882,2,382019
Zfp90,5,22751
Zfp930,2,234358
Zfp931,2,353208
Zfp932,3,69504
Zfp934,3,77117
Zfp935,2,71508
Zfp938,2,237411
Zfp939,3,233147
Zfp94,2,22756
Zfp940,2,233057
Zfp943,2,74670
Zfp946,2,74149
Zfp950,3,414758
Zfp951,2,626391
Zfp952,2,240067
Zfp955b,2,100043468
Zfp956,2,101197
Zfp963,3,620419
Zfp964,2,636741
Zfp967,2,100303732
Zfp974,2,73430
Zfp983,1,73229
Zfp984,2,100041677
Zfp995,2,70081
Zfpl1,3,81909
Zfr,2,22763
Zfx,3,22764
Zfyve19,2,72008
Zfyve21,2,68520
Zfyve27,2,319740
Zgpat,3,229007
Zhx1,2,22770
Zkscan1,2,74570
Zkscan3,2,72739
Zkscan8,2,93681
Zmym1,2,68310
Zmym3,3,56364
Zmym5,3,219105
Zmynd11,5,66505
Znhit1,3,70103
Znhit6,3,229937
Znrf1,3,170737
Zranb2,3,53861
Zrsr2,2,22184
Zscan21,5,22697
Zscan22,3,232878
Zswim9,4,321008
Zup1,3,72580
Zwint,3,52696
Zxdc,2,80292
Zyx,5,22793
Zzef1,2,195018
Zzz3,3,108946
mt-Cytb,2,17711
mt-Nd1,2,17716
